店號,店名,電話,地址
284053,哨船頭,02-24288846,基隆市中正區義一路83號1樓
280822,基隆南站,02-24258526,基隆市仁愛區港西街5號1樓
154840,武訓,02-24329441,基隆市安樂區武訓街102號1樓
187530,麥金,02-34011778,基隆市安樂區基金三路80號80-1號1樓
263713,新大慶,02-24367046,基隆市中山區中和路168巷7弄13號15號1樓
278450,極品,02-24256943,基隆市仁愛區仁三路19號21號1樓2樓
277712,新長基,02-24336241,基隆市安樂區安樂路二段161號
250728,樂添,02-24347940,基隆市安樂區樂利二街62巷291號2樓292號293號1樓
279914,瑞金,02-24344408,基隆市安樂區基金三路75號75之1號1樓
127114,新五福,02-24529901,基隆市七堵區福五街80號82號1樓
132415,正光,02-24564983,基隆市七堵區自治街9號11號
189075,永富,02-24557494,基隆市七堵區永富路99號101號103號1樓
257604,崇禮,02-24554821,基隆市七堵區永富路55號
171007,七堵,02-24562044,基隆市七堵區明德一路174號
251662,和豐,02-24698861,基隆市中正區新豐街203號1樓
279006,北寧,02-24691825,基隆市中正區北寧路382號382-5號
261049,海洋,02-24637174,基隆市中正區中正路609號1樓
236696,愛六,02-24265641,基隆市仁愛區仁一路281號1樓
171155,新福成,02-24274348,基隆市仁愛區仁二路84號86號1樓
112879,碇內,02-24586443,基隆市暖暖區源遠路158號160號
138697,新福樂,02-24683607,基隆市信義區深溪路43號45號1樓
194077,萬濠,02-85029120,台北市中山區敬業四路1號1樓
214526,基河,02-85029131,台北市中山區樂群二路206號1樓
183996,瑞景,02-87513436,台北市內湖區瑞光路583巷30號1樓
159454,瑞東,02-87514830,台北市內湖區洲子街102號1樓
197043,墘都,02-87977260,台北市內湖區內湖路一段669號
239628,里昂,02-87514839,台北市內湖區瑞光路406號1樓
883223,松饒,02-27475146,台北市松山區慈祐里八德路四段767號769號
230355,松德,02-27470930,台北市松山區八德路四段755號1樓
263539,新饒河,02-27632434,台北市松山區八德路四段697號1樓
210694,松祐,02-27460125,台北市松山區饒河街90號1樓
280729,松鑽,02-27457876,台北市松山區八德路四段686號
279877,福中,02-27266631,台北市信義區福德街159號161號1樓
279475,留公,02-27591442,台北市信義區福德街247號249號
251639,港德,02-27857774,台北市南港區福德街373巷25號1樓
195704,金聯發,02-27941161,台北市內湖區金龍路137號1樓
277620,金龍,02-87917475,台北市內湖區內湖路二段407號409號411號1樓
900636,德福,02-27943371,台北市內湖區成功路四段30巷27號29號31號
239695,達人,02-27945695,台北市內湖區內湖路二段249號251號
284721,紫陽,02-87512875,台北市內湖區紫陽里陽光街159號
230207,銳陽,02-27996570,台北市內湖區文德路22巷44弄6號8號1樓
235051,鑫江南,02-87513943,台北市內湖區江南街10號1樓
241001,港鑫,02-26270994,台北市內湖區內湖路一段737巷35號
252883,富港,02-87512984,台北市內湖區港墘路46號48號1樓
196464,港華,02-27997851,台北市內湖區港華街46號1樓
255033,環湖,02-87974566,台北市內湖區環山路一段70號
136222,金湖,02-26583308,台北市內湖區文湖街83號85號1樓
913621,馨瑩,02-26574995,台北市內湖區內湖路一段91巷2號
254694,美麗華,02-85093170,台北市中山區北安路839-1號
250038,名寶,02-87914208,台北市內湖區民權東路六段180巷17號19號
185888,彩龍,02-87902990,台北市內湖區行善路35號1F
241942,行美,02-87914060,台北市內湖區行善路191號193號
283430,康雲,02-27922754,台北市內湖區康寧路一段160號
234483,紫雲,02-27932947,台北市內湖區康寧路一段263號265號1樓
275358,紫新,02-27949151,台北市內湖區康寧路一段34號
249212,金雲,02-27945804,台北市內湖區星雲街136號
253196,成湖,02-87910570,台北市內湖區成功路四段346號
237404,金德,02-87923496,台北市內湖區金龍路5號1F
261810,鑫文德,02-87977622,台北市內湖區文德路99號1樓
238511,德東,02-28342488,台北市士林區德行東路262號1樓
128807,德行,02-28341724,台北市士林區忠誠路二段7號1樓
258032,德寶,02-28315462,台北市士林區德行東路109巷106號
236113,士東,02-28314732,台北市士林區士東路42號1樓
155223,蘭雅,02-28345909,台北市士林區德行東路6之2號1樓
251293,德誠,02-28344429,台北市士林區德行東路106號108號1樓
275233,鑫成,02-28346370,台北市士林區至誠路二段82號1樓
281205,至誠,02-28359740,台北市士林區至誠路二段31號
890900,福志,02-88663358,台北市士林區雨農路25號
214607,擎天崗,02-28613652,台北市北投區湖山路一段12號
282426,文大,02-28623443,台北市士林區格致路57號
279084,東吳,02-28835820,台北市士林區臨溪路70號
960513,至善天下,02-28830232,台北市士林區至善路二段264號
258113,中山大直,02-25337026,台北市中山區大直街13號1樓
185051,新大直,02-25329890,台北市中山區北安路621巷48號
929006,欣旺,02-25321290,台北市中山區北安路602之1號1樓604號1樓606號1樓
215943,明美,02-85011701,台北市中山區敬業一路130號1樓
265775,樂明,02-85015183,台北市中山區敬業一路56號
160247,大永,02-85098737,台北市中山區明水路581巷15號1樓
229355,永明,02-25329445,台北市中山區明水路397巷7弄41號1樓
978628,林坊,02-27893961,台北市南港區東新街80巷1號108巷2弄30號
188326,雄強,02-26516017,台北市南港區忠孝東路六段276號
241816,金鑽,02-25418601,台北市中山區民權西路56號1樓
265203,長城,02-25233982,台北市中山區中山北路二段56號1樓
240019,晶鑽,02-25115092,台北市中山區中山北路二段39巷8號1樓
209904,森泰,02-25681096,台北市中山區林森北路358號360號
259976,吉德,02-25792722,台北市松山區八德路三段74巷43號1樓
250359,健一,02-25149369,台北市松山區健康路11號
214799,新復勢,02-25785350,台北市松山區八德路三段200號202號1樓
283980,港興,02-26516380,台北市南港區興華路117號119號121號123號125號
896458,耀港,02-27881332,台北市南港區研究院路一段99號1樓之14
882792,晏揚,02-26345565,台北市內湖區康寧路三段99巷14號康寧路三段99巷12弄2號
283500,康寧,02-26328942,台北市內湖區康寧路三段26巷1號
170864,鵬馳,02-27833783,台北市南港區南港路三段49-1號
138815,聯成,02-27893542,台北市南港區聯成里昆陽街150-1號150-3號
148100,向揚,02-27831061,台北市南港區向陽路166號1樓
209269,重陽,02-27834391,台北市南港區重陽路179號181號1樓
279970,港寰,02-27851065,台北市南港區重陽路336號1樓2樓
277653,佳樂,02-26533511,台北市南港區南港路一段303號305號307號1樓
241584,馥樺,02-26521390,台北市南港區三重路23號1樓
185822,研究,02-26511171,台北市南港區研究院路二段14號
277387,胡適,02-26512201,台北市南港區研究院路二段94號96號98巷1號
240237,庄研,02-26539357,台北市南港區研究院路二段152號1樓
142870,華技,02-27835010,台北市南港區研究院路三段72號74號1樓
171421,統威,02-27481762,台北市松山區東興路13-1號1樓15巷3號1樓
188681,松民,02-27480323,台北市松山區三民路10號
135610,福源,02-27649672,台北市松山區新東街60巷16號18號1樓
187806,征唐,02-27616499,台北市松山區新東街41-7號
281995,征東,02-27534174,台北市松山區新東街15巷1號
249935,延新,02-87873357,台北市松山區延壽街99號1樓
251352,鑫壽,02-27694858,台北市松山區延壽街323號
173988,延壽,02-27622884,台北市松山區延壽街422號
282910,民復,02-27479963,台北市松山區民生東路五段10號1樓
235855,東榮,02-37655187,台北市松山區民生東路五段71號1樓
215758,朝福,02-37652976,台北市松山區三民路115號
282507,敦巨,02-25454209,台北市松山區南京東路四段25號25之1號
273215,建龍,02-25167713,台北市中山區龍江路239號1樓
263757,錦龍,02-25080595,台北市中山區龍江路281-1號
216315,錦合,02-25040526,台北市中山區合江街117號
186559,國學,02-25068651,台北市中山區長春路182號
240754,國京,02-25075809,台北市中山區南京東路三段21號1樓
167260,吉鑫,02-25420316,台北市中山區南京東路二段11號1樓
971867,鑫東一,02-25815255,台北市中山區一江街11號13號
167466,福瀛,02-28239491,台北市北投區西安街二段345號1樓
279095,安遠,02-28261043,台北市北投區致遠二路149號
230816,榮陽,02-28212601,台北市北投區西安街一段345號1樓
170071,東華,02-28262900,台北市北投區裕民一路40巷1號
264130,商城,02-28218731,台北市北投區裕民六路111號113號1樓
962483,石捷,02-28208526,台北市北投區石牌路二段8號
186526,行義,02-28728452,台北市北投區石牌路二段348巷1號3號1樓
236401,立陽,02-28213079,台北市北投區立農街二段299號1樓
960753,富邦,02-28214947,台北市北投區實踐街22號24號
280589,薇閣,02-28944880,台北市北投區中央北路一段108號
993649,和信醫,02-28936831,台北市北投區立德路125號1樓
851721,一德,02-28984000,台北市北投區中央北路四段513號
283223,政戰,02-28914209,台北市北投區中央北路二段15號17號
187286,西安,02-28949299,台北市北投區大興街44號46號1樓
279811,北投奇岩,02-28919349,台北市北投區中央南路二段31號1樓
274780,光中,02-28971043,台北市北投區光明路122號
238625,加賀屋,02-28941650,台北市北投區溫泉路73巷5號地下二樓之1
251477,泉源,02-28975244,台北市北投區泉源路30號地下一樓
278195,和業,02-28951924,台北市北投區中和街10號
239145,北投,02-28941151,台北市北投區中和街222號
280534,金和,02-28919043,台北市北投區中和街314號316號1樓
197205,雙全,02-28940338,台北市北投區中庸里大業路715-717號
252942,復興崗,02-28949719,台北市北投區中央北路二段68之2號68之3號
972321,鑫杭,02-23579224,台北市中正區杭州南路一段23號
252377,忠孝東,02-23225861,台北市中正區忠孝東路一段72號76號1樓
236618,紹興,02-23224595,台北市中正區紹興北街37號1樓
874252,華山,02-23214407,台北市中正區忠孝東路一段138號
252481,德金,02-23211677,台北市中正區八德路一段29號
963305,義村,02-27312912,台北市大安區忠孝東路三段160號
273846,懷生,02-27811473,台北市大安區忠孝東路三段248巷9號
232454,敦南,02-27115066,台北市大安區大安路一段83巷14號1樓
143253,頂好,02-87714781,台北市大安區仁愛路四段79號1號
255387,仁安,02-87732749,台北市大安區仁愛路四段27巷1號
241193,頂安,02-27787790,台北市大安區大安路一段67號1樓
282769,敦頂,02-27796271,台北市大安區敦化南路一段190巷10號1樓
906209,樂得,02-27401886,台北市松山區復興北路35號
148133,鑫安江,02-27774809,台北市中山區長安東路二段178號178-1號1樓
970749,鑫長安,02-25813841,台北市中山區長安東路一段53巷1之3號
170989,天津,02-25434306,台北市中山區天津街65號
209719,京旺,02-25239652,台北市中山區南京東路一段92號1樓
255686,圓武,02-25222464,台北市中山區吉林路24號之2一樓
254317,清愿,02-27729274,台北市松山區八德路二段439號
260862,市大,02-87710481,台北市松山區市民大道路四段105號
202017,康福,02-23956851,台北市大安區永康街12之2號1樓
166739,金華,02-23914326,台北市大安區金華街140號1樓
167950,東門,02-33224717,台北市大安區信義路二段198巷6號1樓
238500,恆安,02-23952535,台北市大安區永康街2巷12號1樓
921633,大信,02-27096471,台北市大安區信義路三段33號
195760,森美,02-27097500,台北市大安區信義路三段65號1樓
251271,花市,02-27552540,台北市大安區建國南路一段274號
959155,信中,02-27033810,台北市大安區信義路三段99號1樓
280213,信安,02-27048829,台北市大安區大安路一段218號
959122,豐安,02-27542996,台北市大安區東豐街9號
256519,大安復興,02-27016916,台北市大安區復興南路一段247號
155083,鑫復,02-27085803,台北市大安區信義路三段178號1樓
863698,豫銘,02-27540615,台北市大安區大安路二段102號
240031,合旺,02-27026159,台北市大安區復興南路二段151巷41號1樓
238533,合維,02-27077030,台北市大安區四維路170巷8號1樓
901293,立仁,02-27066660,台北市大安區安和路二段74巷1號
239732,臨江,02-27844961,台北市大安區安和路二段67號
251798,臨通,02-23258043,台北市大安區通安街64號1樓
273927,敦安,02-27081857,台北市大安區安和路一段86號
217271,延吉,02-27087348,台北市大安區延吉街237號
151335,仁和,02-87891891,台北市信義區正和里光復南路419巷41號
274160,建綸,02-27754237,台北市大安區仁愛路四段151巷33號忠孝東路四段216巷32弄19號21號
996154,鳳翔,02-87710411,台北市大安區忠孝東路四段216巷68號
274171,欣安和,02-87730039,台北市大安區安和路一段47號
274230,誠安,02-27112781,台北市大安區敦化南路一段247巷12號1樓
265155,靜安,02-27739618,台北市大安區光復南路262號
236973,鑫通,02-27018472,台北市大安區信義路四段294巷7號1樓
214858,通化,02-27083071,台北市大安區通化街26之8號
128058,技安,02-27375613,台北市大安區和平東路三段97號97之1號1樓
280969,敦禾,02-27322654,台北市大安區敦化南路二段265巷6號1樓
242668,和鑫,02-27326448,台北市大安區和平東路三段38號1樓
981901,宏泰,02-87804531,台北市信義區松仁路91-1號1樓
253130,後山埤,02-87857818,台北市信義區中坡北路11號1樓
121622,玉德,02-27863772,台北市南港區玉成街150號1樓
282367,新福玉,02-27853061,台北市南港區成福路145號147號
140210,中坡,02-27864543,台北市南港區中坡南路47號1樓
129350,黎元,02-23778253,台北市大安區辛亥路三段157巷32號1樓臥龍街188巷1號1樓
196316,和樂,02-27326014,台北市大安區和平東路三段228巷45號1樓
855572,和安,02-27355311,台北市大安區和平東路三段230號
281146,富陽,02-27373519,台北市大安區和平東路三段298號300號1樓
276638,麟光,02-27339761,台北市大安區臥龍街252號及252之1號
238289,中興,02-27586997,台北市信義區基隆路二段22號
170392,復昌,02-27076154,台北市大安區通化里光復南路616號
239248,欣隆昌,02-23782716,台北市大安區基隆路二段142之1號及142之2號
279671,華電,02-27329694,台北市大安區通化街177號
279235,三興,02-27335027,台北市信義區吳興街156巷2弄2號4號1樓
277251,松敬,02-27580763,台北市信義區吳興街11號1樓
195807,富比世,02-27202571,台北市信義區松仁路246號248號1樓
240569,總站,02-27585386,台北市信義區吳興街486號488號1樓
906564,松仁,02-27299057,台北市信義區松仁路213號
239455,北府,02-27586295,台北市信義區松仁路162號164號1樓
128036,新工農,02-23456634,台北市信義區忠孝東路五段236巷6-3號8號1樓
118970,松山,02-27229915,台北市信義區忠孝東路五段386號
264923,慶林,02-87864998,台北市信義區虎林街151號153號1樓
262961,捷忠,02-87856027,台北市信義區忠孝東路五段617號
253624,春光,02-27590205,台北市信義區大道路9號11號1樓
279486,信福,02-27273047,台北市信義區福德街308號310巷1號
235202,廣林,02-27590396,台北市信義區福德街84巷52號1樓
238360,德鄰,02-27272819,台北市信義區松德路127號129號1樓
281375,信德,02-23455160,台北市信義區松德路200巷10號
239411,凱富,02-23024836,台北市萬華區西園路一段278號1樓
283511,雙環,02-23361021,台北市萬華區環河南路二段207號
975951,華雙,02-23065408,台北市萬華區環河南路二段252號1樓環河南路二段250巷1號1樓
187781,華江,02-23088154,台北市萬華區環河南路二段200號1樓
281021,桂明,02-23892844,台北市萬華區桂林路55號
190927,漢陽,02-23310744,台北市萬華區昆明街197號199號1樓
149321,新起,02-23147269,台北市萬華區長沙街二段87號1樓
975663,世運,02-23753064,台北市萬華區昆明街81號83號
214397,新峨嵋,02-23704539,台北市萬華區峨嵋街111之2號之3號
243948,開寧,02-23884024,台北市萬華區西寧南路16號1樓及2樓18號1樓
119146,漢寧,02-23899050,台北市萬華區西寧南路85號
251400,西寧南,02-23831295,台北市萬華區西寧南路141號1樓2樓
197559,捷盟,02-23895672,台北市萬華區漢中街51號
996372,鑫武昌,02-23314737,台北市萬華區武昌街二段57號1樓
253897,慶陽,02-23707454,台北市中正區衡陽路93號1樓
202497,鑫衡陽,02-23316456,台北市中正區衡陽路6號1樓
282208,千成,02-23577481,台北市中正區林森南路4號之3
216865,杭信,02-23584603,台北市中正區信義路二段15號1樓
273189,大敦,02-27045633,台北市大安區敦化南路二段63巷7號1樓
241148,松鐵,02-27425950,台北市信義區松山路11號B1樓
258641,三井,02-26534946,台北市南港區經貿二路131號(B1-01300櫃位)
164803,東鑫,02-27196327,台北市松山區民生東路四段55巷10號
135643,松航,02-25454821,台北市松山區敦化北路340-9號
227658,藍天樓,02-25336042,台北市中山區北安路387號1樓
184472,墘運,02-87515031,台北市內湖區洲子街12號1樓
278438,長松,02-25045817,台北市中山區松江路65號
190330,必成,02-27640912,台北市信義區基隆路一段178號180號1樓
248873,北醫,02-27325119,台北市信義區吳興街252號
243052,西門站,02-23885130,台北市中正區寶慶路32之1號地下一樓(捷運西門站)
144326,港泰,02-26512992,台北市南港區忠孝東路七段359號1樓
257497,港麗,02-26518390,台北市南港區忠孝東路七段299號
197375,港捷,02-26519408,台北市南港區經貿二路1號
166843,港高鐵,02-26517743,台北市南港區南港路一段313號B2
166865,港環球,02-27839784,台北市南港區忠孝東路七段371號B2
248862,北車,02-23880571,台北市中正區忠孝西路一段49號地下1樓(13號14號15號販賣店)
213648,微風1,02-23142879,台北市中正區北平西路3號1樓
242107,讚前,02-23821142,台北市中正區忠孝西路一段50之1號地下街(8-2.8-3.8-4)
230609,和碩,02-28919409,台北市北投區立德路15號1樓
195438,華碩二,02-28973924,台北市北投區立德路115號3樓
258766,森光,02-23141016,台北市中正區忠孝西路一段47號B1(櫃號KB111)
234977,新和碩,02-28916241,台北市北投區立德路150之3號B1F
119582,新格蘭,02-23705929,台北市中正區衡陽路27號
239787,詠樂,02-25559848,台北市大同區迪化街一段13號全棟
957193,福捷,02-28839690,台北市士林區中正路235巷14號
185567,兒樂,02-28348349,台北市士林區承德路五段55號
281180,京復,02-27425644,台北市松山區光復北路11巷44號
273950,新國聯,02-27752026,台北市大安區光復南路180巷12號
265465,鑫忠孝,02-27754406,台北市大安區忠孝東路四段313號1樓
957285,吉忠,02-87725413,台北市大安區延吉街72號
232960,統領,02-87734754,台北市大安區忠孝東路四段223巷9號1樓
281858,鑫富民,02-27754172,台北市大安區忠孝東路四段181巷40弄22號1樓
282851,松錢,02-27658380,台北市信義區松隆路192號194號1樓
252975,永吉,02-27563192,台北市信義區永吉路217號1樓2樓及219號1樓
135241,永信,02-27469874,台北市信義區永吉路30巷103號
130132,敦厚,02-27677884,台北市信義區永吉路30巷168弄1號1樓
993041,松高,02-27670810,台北市信義區基隆路一段141號1樓
265454,隆合,02-29334229,台北市文山區羅斯福路五段218巷28號30號
248770,新萬隆,02-29353483,台北市文山區羅斯福路六段20號22號
261452,景捷,02-29316909,台北市文山區景福街252號
229610,滬江,02-29308537,台北市文山區羅斯福路六段270號
190042,羅斯福,02-29342178,台北市文山區羅斯福路五段216號
183572,華興,02-29371244,台北市文山區木柵路一段284號286號1樓
990053,新安康,02-29361151,台北市文山區木柵路二段88號90號1樓興隆路四段26號
189695,文忠,02-29379722,台北市文山區忠順街二段10號1樓
282909,文儀,02-86618765,台北市文山區木新路三段54號56號
211077,巨新,02-29373241,台北市文山區木新路二段212號及木新路二段218巷2號4號
119711,文山,02-29368284,台北市文山區永安街22巷23號25號1樓
855354,添恩,02-22343580,台北市文山區指南路三段8號10號
883544,金恩,02-86617034,台北市文山區指南路二段149號
216382,政新,02-29369304,台北市文山區新光路一段10號12號14號1樓及B1
230090,木鳴,02-29371077,台北市文山區木柵路三段115號117號1樓
273695,木盛,02-86611837,台北市文山區木柵路三段88號
855398,木柵,02-29371739,台北市文山區木柵路二段157號
250832,試院,02-22360262,台北市文山區木柵路一段139號141號
210225,鼎盛,02-89319433,台北市文山區景文街79號
240260,景興,02-29341840,台北市文山區景興路113號115號
199670,景華,02-29314829,台北市文山區興東里景華街130號1樓
174888,景高,02-89316863,台北市文山區景華里景興路14號
962346,仙岩,02-29335139,台北市文山區仙岩路18號18-118號18-2號1樓
236803,北福興,02-29350416,台北市文山區興旺里福興路20號
198286,興隆,02-29304721,台北市文山區興隆路二段205號207號1樓
127550,辛亥站,02-86639792,台北市文山區辛亥路四段132號
975054,興芳,02-22399843,台北市文山區興光里興隆路三段173、175號
885609,萬芳,02-22390910,台北市文山區萬安街23號、25號、27號1樓
165943,萬美,02-22398986,台北市文山區萬和街6號2樓之1
253347,博嘉,02-82300388,台北市文山區木柵路四段117號119號1樓
199290,文新,02-22349624,台北市文山區木新路三段276號
278265,羅鑫,02-33652502,台北市大安區羅斯福路三段29號31號1樓
237220,中愛,02-23415461,台北市中正區寧波東街17號1樓
171063,和金,02-23414965,台北市大安區和平東路一段91號
214571,和泰,02-23915933,台北市大安區和平東路一段169號
280176,溫東,02-23623019,台北市大安區和平東路一段266號
283256,龍門,02-23628467,台北市大安區和平東路二段38之1號40號1樓
894359,辛亥,02-23630291,台北市大安區辛亥路二段57號
239776,龍和,02-27017163,台北市大安區和平東路二段197號199號1樓
895020,建南,02-27549832,台北市大安區建國南路二段151巷6之8號
276731,昇隆,02-27328454,台北市大安區敦化南路二段238號
972594,長星,02-27395493,台北市大安區基隆路三段85號
216072,新忠誠,02-28314978,台北市士林區中山北路六段18號20號1樓
200929,誠義,02-28353013,台北市士林區忠誠路一段126號128號
187758,東洋,02-28753409,台北市士林區中山北路七段14巷19號Ｂ1
200815,天東,02-28734093,台北市士林區中山北路七段14巷2-1號
236962,天裕,02-28724419,台北市士林區中山北路七段156號1樓
210823,齊德,02-28745680,台北市士林區天母西路85號1樓2樓
265650,集鑫,02-28113784,台北市士林區延平北路六段229號231號
997571,聚鑫,02-88111492,台北市士林區延平北路六段350號350之1號1樓
276225,海光,02-28167812,台北市士林區延平北路五段35號37號39號
232719,福順,02-28136520,台北市士林區重慶北路四段177號1樓
891176,靜中,02-25529387,台北市大同區寧夏路71號73號
996523,篷萊,02-25539665,台北市大同區寧夏路131-1號
143677,長峰,02-25556859,台北市大同區長安西路45之2號47號1樓
996110,鑫大孝,02-23719010,台北市中正區黎明里重慶南路一段1-1號一樓
186157,大永博,02-23826912,台北市中正區博愛路97號1樓
214733,欣漢華,02-23613686,台北市中正區中華路一段41號1樓
214984,開懷,02-23617661,台北市中正區開封街一段15號17號1樓17號2樓
170299,開博,02-23119208,台北市中正區開封街一段40號42號1樓
251835,重南,02-23884895,台北市中正區武昌街一段1-2號1樓
263311,慶城,02-23719815,台北市中正區武昌街一段18號1樓
900474,萬翔,02-23757275,台北市中正區公園路13號
129095,寶昌,02-23045536,台北市萬華區寶興街184號186號
213844,萬華,02-23041593,台北市萬華區莒光路216號萬大路57號1樓
185279,新愛國,02-23710027,台北市中正區延平南路177號
184793,警廣,02-23717603,台北市中正區廣州街10-2號10-3號10-4部分號1樓
187057,鑫泉州,02-23054054,台北市中正區汀州路一段285號一樓
240411,同州,02-23677326,台北市中正區同安街62號1樓
253657,新文華,02-23658130,台北市中正區廈門街77號77之1號1樓
844860,晉江,02-23654771,台北市中正區和平西路一段26號
274089,羅亭,02-23929446,台北市中正區羅斯福路二段68號
252218,羅昌,02-23678289,台北市中正區南昌路二段206號1樓
190743,博源,02-23684419,台北市中正區思源街16號
283094,溫州,02-23626249,台北市大安區羅斯福路三段245號
263090,龍泉,02-23682936,台北市大安區羅斯福路三段193號1樓
276775,園寶,02-23037290,台北市萬華區西園路二段281巷29號1樓31號1樓33號1樓
238027,萬忠,02-23034250,台北市萬華區東園街28巷56號58號
279305,鑫寶,02-23057962,台北市萬華區寶興街 43號45號1樓
235556,鑽寶,02-23037525,台北市萬華區興義街41號.43號
166876,萬東,02-23379121,台北市萬華區萬大路486巷61號63號65號1樓
251020,大華,02-23390762,台北市萬華區萬大路495號497號
280958,國雙,02-23390812,台北市萬華區西藏路125巷17號及129-9號
282633,萬光,02-23021224,台北市中正區中華路二段157號
248909,中寧,02-23014902,台北市萬華區中華路二段602-1、602-2號1樓
118899,掬華,02-23375810,台北市中正區中華路二段405號407號
148052,青園,02-23012464,台北市萬華區青年路18號1樓
241311,克難,02-23379081,台北市萬華區萬青街168號
278494,古亭,02-23646532,台北市中正區汀州路二段210號
264266,龍延,02-23648913,台北市大安區師大路59巷13號
261957,瑞升,02-23435837,台北市大安區杭州南路二段91號
183309,鑫國語,02-23584429,台北市中正區南昌路一段135號1樓
275897,南昌,02-23971206,台北市中正區南昌路一段67號69號1樓
118420,鑫重寧,02-33225836,台北市中正區寧波西街86號1樓
135296,仁金,02-23583428,台北市中正區仁愛路二段39號39-1號
264875,濟新,02-33224217,台北市中正區濟南路二段50號
260851,統新,02-23944861,台北市中正區臨沂街27巷10號1樓
896067,統聯,02-23579051,台北市中正區忠孝東路二段130-2號130-3號
279109,新南,02-23435207,台北市中正區新生南路一段126-7號
175032,中廣,02-27526751,台北市大安區仁愛路三段25-1號27號
991584,威克,02-87738717,台北市中山區南京東路三段208號1樓
209100,京運,02-27716548,台北市松山區南京東路三段262號1樓
254926,建欣,02-25177302,台北市中山區建國北路二段13號1樓
164777,春龍,02-25021405,台北市中山區長春路257號
996741,元大,02-25148676,台北市中山區遼寧街110號1樓
235800,遼寧,02-25013476,台北市中山區遼寧街160號1樓
194572,復錦,02-25160812,台北市中山區復興北路348號1樓
241425,復北,02-27184351,台北市中山區復興北路164號1樓
254890,松慶,02-25450149,台北市松山區慶城街1號1樓
184782,復春,02-27151190,台北市松山區復興北路179號
241207,錢京,02-27177520,台北市松山區敦化北路100號1樓
280855,復吉,02-25451347,台北市松山區南京東路三段275號1樓
275727,東復,02-25472325,台北市松山區復興北路313巷25號
199267,敦化,02-87129627,台北市松山區民權東路三段160巷9號1樓
130394,吉林,02-25312934,台北市中山區吉林路209號1樓2樓
196660,大吉,02-25630883,台北市中山區吉林路97號99號1樓
242358,常榮,02-25000249,台北市中山區復興北路514巷39號41號1樓
956673,榮金,02-25013144,台北市中山區龍江路384巷1號384巷3號
239547,榮星,02-25094506,台北市中山區龍江路322號
255011,權東,02-25159982,台北市中山區民權東路三段71號73號1樓
250083,榮鑽,02-25179854,台北市中山區五常街23號25號民族東路410巷62號1樓
278933,豫鋒,02-28832762,台北市士林區大南路322號
266066,冬樂,02-28344625,台北市士林區美崙街114號
171764,福榮,02-28330676,台北市士林區中正路220號222號
148524,丹樺,02-28314649,台北市士林區文林路530號
896160,福芝,02-28358739,台北市士林區福國路94號
216119,芝山,02-28316143,台北市士林區福華路126號1樓
190592,德天,02-28344941,台北市士林區德行西路52號1樓
962209,新豪美,02-28233553,台北市北投區文林北路98號100號
216991,百齡,02-28219107,台北市北投區石牌路一段37號
874573,致遠,02-28208072,台北市北投區石牌路一段126號
283108,德致,02-28231984,台北市北投區明德路87號89號1樓
241403,明華,02-28262195,台北市北投區明德路99號
948649,明德,02-28220224,台北市北投區明德路114號
236984,懷得,02-28279042,台北市北投區懷德街85號1樓
282161,天富,02-28226934,台北市北投區富貴一路3號1樓
129372,天美,02-28762701,台北市士林區天母東路8巷96號98號
177463,天福,02-28762502,台北市士林區天福里天母東路８巷39號天母東路8巷41弄1號
174028,三玉,02-28744580,台北市士林區天母東路88之1號1樓
238382,延龍,02-25969446,台北市大同區延平北路四段16號18號1樓
143965,延民,02-25952932,台北市大同區民族西路246號248號1樓
264897,民族西,02-25954841,台北市大同區民族西路151號153號155號
962542,大龍,02-25947220,台北市大同區昌吉街72號74號76號及蘭州街135號
241399,權鑫,02-25995942,台北市大同區民權西路157之1號1樓
241861,涼州,02-25501438,台北市大同區延平北路二段258號
260840,慶寧,02-25569881,台北市大同區寧夏路23號23之1號
190938,延埕,02-25520267,台北市大同區延平北路二段159號161號
166049,慶吉,02-25954240,台北市大同區重慶北路三段47號49號1樓
992967,酒泉,02-25959849,台北市大同區重慶北路三段258、260、262號1樓
283544,哈蜜,02-25970450,台北市大同區重慶北路三段309、311號1樓
120526,圓泉,02-25997457,台北市大同區酒泉街25號27號1樓
153261,華齡,02-28835452,台北市士林區華齡街17巷2號4號1樓
216692,鑫港,02-28836276,台北市士林區後港街210號
195900,珍饌,02-28839937,台北市士林區文林路126號1樓
132574,新士林,02-28835732,台北市士林區大東路123號125號1樓
121127,承河,02-28817180,台北市士林區基河路132號1樓
253288,豐基,02-28344187,台北市士林區基河路368號370號
262927,稻江,02-25850268,台北市中山區新生北路三段35號農安街67號69號
956732,錦北,02-25418586,台北市中山區錦州街8號
200804,鑫德惠,02-25995347,台北市中山區德惠街15號1樓
239215,森吉,02-25958727,台北市中山區林森北路624號626號1樓
197227,瓏山林,02-26329723,台北市內湖區康樂街125巷2號2之1號
960535,輔大,02-29026304,新北市新莊區中正路516-1號
965220,輔明,02-29028207,新北市新莊區中正路514巷99號
194505,美福,02-29909254,新北市新莊區頭興街186號188號
910688,糧驛,02-22562936,新北市板橋區德翠里龍泉街93號、95號1樓
280316,智樂,02-29601143,新北市板橋區新生街89巷2號
243878,漢光,02-29653875,新北市板橋區光正街12號1樓
198910,新海,02-82525425,新北市板橋區文德里新海路138號
183790,維禮,02-82570705,新北市板橋區四維路276號278號1樓
167846,板維,02-22546684,新北市板橋區四維路345號347號1樓
207919,吉翠,02-82570537,新北市板橋區裕民街53號1.2樓和55號
158602,英海,02-22511636,新北市板橋區雨農路50號1樓、英士路51巷1號1樓
959292,智慧,02-86421397,新北市汐止區大同路二段281號
135768,汐科,02-26498508,新北市汐止區大同路二段167-1號1樓
251846,青山,02-86423480,新北市汐止區新興路83-2號
174121,汐峰,02-26429873,新北市汐止區仁愛路32號34號1樓
164456,福仁,02-26496368,新北市汐止區仁愛路143號1樓福安街51號1樓
174925,東晴,02-26481974,新北市汐止區新台五路二段80號
265443,艾科卡,02-86489199,新北市汐止區茄苳路196號
234003,君勻,02-86487534,新北市汐止區忠孝東路495號1樓
254432,新旭勝,02-26490241,新北市汐止區建成路160巷2號
250429,旭泰,02-26414436,新北市汐止區建成路57巷1號3號
261212,橋東,02-86423691,新北市汐止區建成路31號33號1樓
240972,鄉長,02-26917900,新北市汐止區鄉長路二段16號
277745,白雲,02-26606510,新北市汐止區民權街二段79號1樓
215172,新汐農,02-26414429,新北市汐止區樟樹一路113號115號
891006,潤安,02-26485573,新北市汐止區龍安路32號
274861,汐興,02-26414578,新北市汐止區連興街150號152號1樓
244011,裕隆城,02-89145047,新北市新店區中興路三段70號
257899,坪林北宜,02-26658148,新北市坪林區北宜路八段229.231號1樓
920249,坪林,02-26656655,新北市坪林區北宜路八段138號140號1樓
131179,新市鎮,02-26228481,新北市淡水區新市一路三段18號1樓
228260,新府,02-29689814,新北市板橋區新府路75號B2樓
277686,橫科,02-26608131,新北市汐止區民權街二段28號1樓
256678,林口三井,02-26069475,新北市林口區文化二路一段123號1樓
209627,海廷,02-22707430,新北市土城區裕民路92巷22弄2號1樓
253233,皇裕,02-22707944,新北市土城區裕民路114巷16號1樓
284477,學裕,02-22663508,新北市土城區學成路91巷2號93號1樓
266479,城林,02-22706691,新北市土城區學成路18號20號
981990,全茂,02-82286711,新北市中和區連城路469巷9號11號
211181,利穗,02-22268416,新北市中和區民利街38號1樓
189086,景鑫,02-32349418,新北市中和區中正路683號
174590,世紀,02-82278576,新北市中和區中正路710號1樓K棟
253613,員新,02-22215243,新北市中和區員山路504號
144717,環冠,02-22287912,新北市中和區中山路三段118之6之7之8號
113458,莒光,02-29641491,新北市中和區莒光路138號1樓
198666,城政,02-22668017,新北市土城區中正路69號1樓
188212,新學府,02-22627929,新北市土城區學府路一段223號225號1樓
253565,學城,02-22652690,新北市土城區學府路一段118號
280648,清和,02-22740716,新北市土城區清水路100號
239086,廷寮,02-82627892,新北市土城區清水路252號254號1樓
158646,立金,02-22603255,新北市土城區立德路70號72號
259725,新延,02-82732823,新北市土城區延和路123號125巷1號
279246,金城,02-22633381,新北市土城區金城路三段71號
209616,利吉,02-82731949,新北市土城區延吉街261號
239075,德城,02-22648474,新北市土城區明德路一段139號141號
259150,清仁,02-82628471,新北市土城區青仁路358號清水路21號23號1樓
924665,國和,02-89526934,新北市板橋區和平路29號
258478,廣和,02-29525457,新北市板橋區和平路101巷1號
265328,昇容,02-29581032,新北市板橋區重慶路346巷8號
128047,興板,02-89678162,新北市板橋區德興街20、22、24號
279774,濬家,02-89669773,新北市土城區廣明街2號
254247,華德,02-89664633,新北市板橋區四川路二段47巷3弄8號及8之1號
207403,延福,02-22709027,新北市土城區延平街36號1樓
276292,心心,02-29584608,新北市板橋區實踐路105號107號
236733,慶中,02-29577176,新北市板橋區重慶路194號光明街91號1樓
275576,板慶,02-29556584,新北市板橋區忠孝路37號1樓
200457,民華,02-29649342,新北市中和區民德路270號272號
240363,壽德,02-29520956,新北市中和區壽德街11號1樓
275716,德旺,02-29648813,新北市中和區壽德街22號1樓
891730,佑容,02-29595675,新北市板橋區五權里五權街49號51號
256070,土城中華,02-82624731,新北市土城區中華路二段113號115號
164375,忠華,02-22629661,新北市土城區中華路一段185號187號1樓
275495,皇翔,02-22645433,新北市土城區中央路一段88號1樓、裕民路10-1號.10號.8-1號.8號
276753,新裕生,02-22632523,新北市土城區裕民路57號及55巷2號
209074,華川,02-89668730,新北市板橋區四川路二段245巷11.13號1樓
236308,展龍,02-82732504,新北市土城區學府路二段265號、學海街307號
207126,聖德,02-82733602,新北市土城區明德路二段207號1樓
996202,聖運,02-22730671,新北市土城區明德路二段157.159號
217259,高峰,02-22704792,新北市土城區中央路二段187號
286244,光員,02-22669197,新北市土城區光明街15號
141969,新亞洲,02-22693503,新北市土城區亞洲路110號112號1樓
283429,祥泰,02-22679712,新北市土城區中山路38號
126823,新紫城,02-22681974,新北市土城區福安街38號40號
284374,僑一,02-29685784,新北市板橋區僑中一街104號106號
968089,新僑中,02-29694324,新北市板橋區僑中一街124巷3弄3號
264602,僑興,02-82752965,新北市板橋區僑中二街116巷2號.4號
281515,遠揚,02-89664602,新北市板橋區南雅南路二段124號及二段142巷12號1樓
260747,秋雅,02-89669323,新北市板橋區南雅南路二段144巷14號1樓
241735,華雅,02-29645242,新北市板橋區華東街270號1樓
275705,華貴,02-29645590,新北市板橋區貴興路85號87號1樓
250430,板仁,02-89699941,新北市板橋區大智街93號.大仁街101號
922131,香雅,02-29679674,新北市板橋區南雅西路二段297號299號
262813,坤耀,02-22723226,新北市板橋區南門街39號1F
273776,府中,02-29654479,新北市板橋區府中路82號84號1樓
243937,大合宜,02-29685371,新北市板橋區合宜路173號1樓
255066,板中,02-29672743,新北市板橋區府後街4.4-1.4-2號1樓
119397,館東,02-29560071,新北市板橋區館前東路15、15之1、17號1樓
274827,館慶,02-29514559,新北市板橋區館前東路26號1樓
265041,府運,02-29640712,新北市板橋區重慶路18號20號1樓
280659,民族,02-29575939,新北市板橋區福祿里民族路310號
950745,漢東,02-29534142,新北市板橋區漢生東路309號
249429,海山,02-89611889,新北市板橋區漢生東路310號
115823,雅盛,02-29568540,新北市板橋區漢生東路181號183號1樓
195977,育軒,02-29517986,新北市板橋區漢生東路268號270號1樓
243096,幸運,02-29627165,新北市板橋區區運路78號80號1樓
284765,板府,02-29625901,新北市板橋區中山路一段158巷4號6號1樓
186799,縣東,02-29628655,新北市板橋區縣民大道二段108號1樓
238913,縣道,02-89537937,新北市板橋區縣民大道二段200巷1號3號1樓
241034,板依,02-22569422,新北市板橋區文化路一段188巷38號40號1樓
901710,偉嘉,02-22595486,新北市板橋區文化路一段270巷3弄2號、4號1樓
264026,埔站,02-22555748,新北市板橋區民生路二段237號1樓
275440,新埔站,02-22540159,新北市板橋區民生路二段232號1.2樓之14、232號1.2樓之15
953087,萬板,02-22519201,新北市板橋區莒光路221號223號
865269,議會,02-22542852,新北市板橋區莊敬路60號
262916,武江,02-22504440,新北市板橋區光武街2巷2號
265225,松林,02-22509964,新北市板橋區松江街109巷1號松江街107號
262802,板宏,02-22597549,新北市板橋區宏國路109.111號
283636,家麒,02-22587476,新北市板橋區宏國路27號
281412,鳳展,02-22563103,新北市板橋區吳鳳路23 及25 號1 樓
259323,富海,02-22573656,新北市板橋區長江路一段6號
264783,榮信,02-29963682,新北市新莊區中原里中榮街25鄰90號92號1樓
240477,榮富,02-29972753,新北市新莊區中榮街43號47號
276100,港義,02-22766035,新北市新莊區中港路527號1樓.中義街2號1樓
278405,央福,02-85216479,新北市新莊區中央路128號130號
233631,上利,02-85217449,新北市新莊區中德路27號.29號1樓
275082,都峰苑,02-85218624,新北市新莊區中央路686號1樓
276867,後港,02-22040529,新北市新莊區後港一路76巷14弄1號1樓
238740,林宏,02-22036415,新北市新莊區成功街1號
921714,西盛,02-22084323,新北市新莊區民安西路113號之1
934776,光華,02-22073795,新北市新莊區民安西路388、388-1、390、390-1號
147440,重華,02-28579451,新北市三重區五華街181號185號1樓
136934,蘆權,02-82866843,新北市蘆洲區民權路136號138號1樓
279176,文豪,02-28482734,新北市蘆洲區民族路402號406號1樓
130327,民仁,02-82868495,新北市蘆洲區仁愛街58號60號1樓
151128,健倫,02-22839655,新北市蘆洲區保新里4鄰三民路230號
215622,蘆正,02-22827244,新北市蘆洲區中正路261號
207975,源福,02-29949096,新北市新莊區福壽街29.31號
166131,新茂,02-29900950,新北市新莊區化成路118號120號
957355,莊成,02-29947258,新北市新莊區化成路354號
188751,新化成,02-29920145,新北市新莊區化成路213號1樓
274573,福德三,02-85212274,新北市新莊區福德三街70號72號1樓
279280,頭前,02-85216806,新北市新莊區化成路429-4號
166201,原成,02-85212445,新北市新莊區化成路305號1樓
274997,興頂,02-29990814,新北市三重區中興北街177號
265812,頭成,02-85217145,新北市新莊區化成路698號
276030,樹新,02-26812205,新北市樹林區樹新路245號
244376,大展,02-26876584,新北市樹林區俊英街252號1樓
250463,莊勝,02-22027506,新北市新莊區八德街59號61號1樓
181716,維妮,02-22037122,新北市新莊區四維路23號1樓
119364,后福,02-22051513,新北市新莊區後港一路29號
259105,莊霖,02-22021842,新北市新莊區瓊林路59號之77
231141,莊年,02-22049926,新北市新莊區豐年街55號之8、55之9號
253129,莊泰,02-22023295,新北市新莊區新泰路21號
265856,輔醫,02-29019505,新北市泰山區貴子路57號(右半)61號63號1樓
276258,貴賢,02-29089197,新北市泰山區明志路三段165號1樓2樓、167號1樓
265247,奕真,02-22960960,新北市泰山區明志路二段185號1樓(部份)
215068,仁泰,02-29099380,新北市泰山區明志路二段1號
257774,泰山辭修,02-29008368,新北市泰山區辭修路10-7號1樓
277756,建一,02-32343779,新北市中和區建康路101號
261382,連勝,02-22423559,新北市中和區景平路513號連勝街1號
261360,藍山,02-22455838,新北市中和區南山路41號43號1樓及南山路37巷2號1樓
188267,廣麗,02-82456964,新北市中和區廣福路87號89號91號1樓
163877,連通,02-22446708,新北市中和區圓通路293號
200837,德偉,02-22429271,新北市中和區中興街162號164號
895710,富興,02-22404174,新北市中和區中興里復興路277-1號279號
263115,和復,02-29431063,新北市中和區復興路19號
261337,南勢角,02-29446821,新北市中和區興南路一段55號
950435,孝忠,02-29401045,新北市中和區忠孝街37巷2號
263470,禧緻,02-29448161,新北市中和區華新街156號
233136,華夏,02-89434958,新北市中和區工專路110號112號1樓112號2樓
279925,捷興,02-29423902,新北市中和區興南路一段81號
931054,山佳,02-26808909,新北市樹林區中山路三段85號87號
151003,大智通,02-26685036,新北市樹林區佳園路二段70-1號
252001,樹佳,02-26684654,新北市樹林區佳園路三段31之1號
281663,佳辰,02-89700664,新北市樹林區佳園路三段488號
111946,城雅,02-89706098,新北市樹林區學成路519號1樓
236238,學鼎,02-86726408,新北市三峽區學成路333號1樓
187482,北大成,02-86713490,新北市三峽區學成路301號303號1樓
257866,三峽大學路,02-26739278,新北市三峽區大學路67號69號1樓
239846,龍恩,02-86715410,新北市三峽區國學街13號
278704,大峽,02-86722354,新北市三峽區大學路13鄰147號1樓
278298,新北大,02-26714880,新北市三峽區大學路156號1樓
281766,學勤,02-86721564,新北市三峽區學勤路105號及大德路211號1樓
119238,學林,02-26687903,新北市樹林區大雅路341號343號1樓
174992,金林,02-26843135,新北市板橋區金門街303號305號
136037,金園,02-26864776,新北市板橋區金門街175號
968791,成合,02-86873728,新北市板橋區金門街40號
231509,樹溪,02-26867092,新北市板橋區溪北路43.45號1樓
253901,樹東,02-86869571,新北市樹林區東榮街91巷2弄2、4號1樓
182812,復育,02-26855167,新北市樹林區復興路227號1樓
186995,頂埔,02-22676292,新北市土城區中央路四段274號276號1樓
282080,虹海,02-22678273,新北市土城區中央路四段109號111號1樓
214180,承天,02-22687436,新北市土城區承天路1號
249500,承義,02-22696941,新北市土城區忠承路22號
184184,金裕,02-22706865,新北市土城區裕民路255號1樓
237105,隆城,02-22647617,新北市土城區學士路15巷2號17號1樓
244365,土城,02-22678704,新北市土城區中央路三段42-1號1樓
238326,友勤,02-89701627,新北市樹林區大有路65號1樓
279051,民昇,02-86713134,新北市三峽區民生街136號
230399,山富,02-86714574,新北市三峽區中山路9號1.2樓
959328,綠雅,02-86715490,新北市三峽區文化路122號
185925,榮泰,02-86711644,新北市三峽區文化路63號65巷2號1樓
274436,華晟,02-86720824,新北市三峽區中華路38之1號38之2號1樓
111913,天下,02-26713245,新北市三峽區中正路一段110號112號1樓
230160,安溪,02-35012409,新北市三峽區大同路188、190號
199854,三角湧,02-86722785,新北市三峽區中正路二段200號
250670,中園,02-86715297,新北市三峽區民權街235號1樓
174785,新峽,02-26731461,新北市三峽區民權街184號186號1樓
861131,綠洲,02-26717933,新北市三峽區鳶山里12鄰中山路186號1樓
215769,歌亭,02-26791544,新北市鶯歌區尖山里尖山路150號
179861,樂陶,02-26775483,新北市鶯歌區尖山路276號1樓
207104,金鶯鎮,02-86773990,新北市鶯歌區尖山路217之3號1樓
148568,藝高,02-29972069,新北市新莊區中平路357號
265018,安復,02-29971153,新北市新莊區復興路一段213號
872108,花旗,02-89918896,新北市新莊區中港路132巷26號
262721,中港,02-29978073,新北市新莊區中港路133號
261902,和和,02-29299306,新北市永和區秀朗路二段128號130號1樓
251318,秀和,02-22323741,新北市永和區國中路99號101號
872061,孟揚,02-29235080,新北市永和區林森路62號
281009,宇陽,02-29252456,新北市永和區永利路77號
165541,豫溪,02-29295836,新北市永和區中正路702巷1號3號及中正路710號1樓
188197,仁愛,02-22316781,新北市永和區仁愛路128號130號1樓
152062,元坊,02-29285539,新北市永和區保安路134號136號
930981,龍馬,02-22323194,新北市永和區文化路188號
277871,永和,02-29291091,新北市永和區文化路7號
810410,永興,02-29215441,新北市永和區竹林路98號
262547,永竹,02-29266730,新北市永和區竹林路172號174號1樓
263012,北福,02-89211047,新北市永和區福和路121號1樓2樓
234760,宗美,02-89255722,新北市永和區福和路76巷2號4號1樓
251570,富朋,02-29211897,新北市永和區永和路二段116號
281478,新保捷,02-82316627,新北市永和區保生路22巷2號1樓
126775,水源,02-22477245,新北市中和區中山路二段62號
240329,中安,02-29459706,新北市中和區宜安路62號66號
912282,保鑽,02-29453250,新北市永和區潭墘里安樂路138號140號
978606,昇庚,02-82317044,新北市永和區永貞路182號184號
284145,復美,02-29293764,新北市永和區秀朗路一段146號
239765,永利,02-86605379,新北市永和區永元里永元路93號1樓
265395,新永元,02-29273661,新北市永和區永元路28號30號
216186,添丁,02-29210564,新北市永和區永貞路365號367號1樓
166197,福愛,02-22324404,新北市永和區永平路274號仁愛路242號
211169,園和,02-29263845,新北市永和區仁愛路267號269號
238898,仁寶,02-29272401,新北市永和區仁愛路266號1樓
230643,永美,02-82454186,新北市中和區中山路二段2巷45弄6號8號1樓
240466,環永,02-22326083,新北市永和區環河西路二段231號233號1樓
860655,保生,02-22314015,新北市永和區保安里保生路1號1樓
187910,福真,02-82452305,新北市中和區景平路679號681號
183631,廣美,02-82458352,新北市中和區中和路52號1.2樓
951313,福勝,02-22499480,新北市中和區福祥路156號158號
260932,永保,02-29253091,新北市永和區保平路197號199號1樓
234232,宏圖,02-29265281,新北市永和區保平路10號12號1樓
274724,日昇,02-29273961,新北市中和區中和路326號1樓
283120,日福,02-29209816,新北市中和區中和路380號
240765,昇陽,02-22311802,新北市永和區雙和里1鄰中和路417號419號
138181,保健,02-89411332,新北市中和區保健路2巷1號1樓
263481,宜安,02-29415661,新北市中和區宜安路103號1樓
277734,景陽,02-22433194,新北市中和區景新街29號31號33號
277608,景禮,02-22434828,新北市中和區景安路100號1樓102號1樓104號1樓
216739,福和,02-29408207,新北市中和區秀明里大勇街25巷1號1樓
250496,秀杉,02-29421382,新北市中和區自立路129號131號
181473,永權,02-29440937,新北市永和區民權路32號34號1樓
238245,景旺,02-29485754,新北市中和區成功路1號
259574,雙秀,02-29439003,新北市中和區秀朗路三段40.42號
236319,成金,02-29407020,新北市永和區成功路二段147號149號1樓
276719,秀朗,02-29299747,新北市永和區得和路389號391號1樓
264277,邁群,02-29451487,新北市永和區民生路42號
276627,自立,02-29419487,新北市中和區自立路15巷13號15號1樓
189868,得和,02-29282743,新北市永和區得和路113號1樓
163992,潭安,02-29476442,新北市永和區中正路167號
238876,有民,02-29495640,新北市永和區民有街9號11號1樓
233929,中景,02-29471525,新北市中和區景新街383巷66號68號1樓
259910,上晟,02-85312145,新北市泰山區信華五街126號128號1樓
932851,武仁,02-29007082,新北市泰山區仁愛路100巷26號28號30號
262581,公園賞,02-85315095,新北市泰山區仁愛路66號
264716,福興,02-22979975,新北市泰山區全興路165號
120722,泰陽,02-29047256,新北市泰山區新北大道六段468號470號
174257,一級棒,02-29018947,新北市新莊區新北大道七段482號
282987,丹鳳,02-29071573,新北市新莊區新北大道七段842號
251204,迴龍站,02-29015542,新北市新莊區中正路895號895號之1號
211723,龍莊,02-29072802,新北市新莊區中正路893巷38號
131777,鳳祥,02-29072129,新北市新莊區中正路708-2號
132633,添祥,02-29012645,新北市新莊區天祥街22號24號1樓
893448,采旺,02-29087919,新北市新莊區天祥街74號
252399,雙鳳,02-29081398,新北市新莊區雙鳳路114號1樓
233907,溪園,02-86673801,新北市新店區溪園路391之1號1樓
251019,青新,02-22185931,新北市新店區中山路137號1樓
185534,南強,02-89147488,新北市新店區中興路三段168號1F
279855,大坪林,02-29101292,新北市新店區民權路18號
906748,同仁,02-22187490,新北市新店區民權路96號
189905,正民,02-82193475,新北市新店區中正路508號1樓
264325,正鵬,02-86672490,新北市新店區中正路688號690號1樓
958901,寶中,02-86653843,新北市新店區寶慶街66號
155566,新順安,02-29118504,新北市新店區順安街51號53號1樓
996121,連豐,02-89116434,新北市新店區大豐路12號
279110,雙鑫,02-86658848,新北市新店區北新路二段169號
266457,慶忠,02-29117063,新北市新店區北新路二段121巷1號
239329,寶新,02-29137463,新北市新店區北新路二段57號
277446,德正,02-29185319,新北市新店區德正街23巷1號
152132,寶福,02-86653467,新北市新店區寶橋路78巷3號1F
235877,七張站,02-89147446,新北市新店區北新路二段152巷2號
241436,新極景,02-29109385,新北市新店區北新路二段252-1號
264679,鑫鋒,02-89147643,新北市新店區北新路一段90號1樓
278623,楓華,02-89115356,新北市新店區中華路20號1樓
170705,北新,02-29152711,新北市新店區北新路一段289號291號
217237,冠冠,02-29131493,新北市新店區北新路一段231號1樓新生街1號1樓
185947,新贊,02-29138103,新北市新店區北新路一段14號1樓
283555,天闊,02-89123449,新北市新店區環河路16號1樓
991333,新明,02-29127361,新北市新店區光明街140號
229322,能仁,02-29106181,新北市新店區光明街38號
267690,碧湖,02-86659633,新北市新店區文中路2號1樓2樓
260563,萊茵,02-22174019,新北市新店區竹林路30巷1號.3號1樓
276801,北宜,02-22174891,新北市新店區北宜路二段82-2號82-3號1樓
212461,銀河,02-22179313,新北市新店區北宜路二段269號271號
980090,新燕,02-26667848,新北市新店區新烏路二段382號384號1樓
880833,真誠,02-26642915,新北市深坑區北深路三段263號
187622,北深,02-26640166,新北市深坑區北深路二段183號
255963,深坑埔新,02-26629460,新北市深坑區北深路二段57.59.61號
237172,平埔,02-26645195,新北市深坑區文化街82號
233217,鑫浦深,02-26628761,新北市深坑區文化街116號118號1樓
963567,埔昇,02-26645677,新北市深坑區埔新街63號65號1樓
253521,及人,02-86663157,新北市新店區安民街72號
195896,安博,02-22125845,新北市新店區安民街154號154-1號1樓
164685,凡賽絲,02-22120010,新北市新店區安民街290號292號1樓
197434,安德,02-22125348,新北市新店區安德街8號10號12號1樓
250290,安康,02-22124641,新北市新店區安德街70號72號1樓+2樓
276579,全新,02-22127952,新北市新店區安康路二段147號1樓
263562,涵碧,02-22122274,新北市新店區永業路6號6之1號8號
110998,百豐,02-86669386,新北市新店區安康路一段168號1樓
187769,景大,02-22120371,新北市新店區安忠路69號1樓71巷1號1樓
262558,安峰,02-22129645,新北市新店區安康路二段350之3號
256232,新店雙城,02-22151078,新北市新店區安康路三段96號
255158,玫瑰,02-22145677,新北市新店區玫瑰路58巷4號地下室
234494,富貴,02-22144820,新北市新店區富貴街9巷2號、6號1樓2樓
275613,康曜,02-22158391,新北市新店區安康路三段41號1樓
249865,新店,02-22125434,新北市新店區碧潭路14號1樓
261717,小碧潭,02-89136445,新北市新店區中央路157號1樓
264680,新福民,02-22196485,新北市新店區中央路135號1樓
275989,真親切,02-22199322,新北市新店區中央路212號214號
256715,新店豐和,02-22184796,新北市新店區央北一路100號
258249,新店中正,02-22186254,新北市新店區中正路396號398號
173542,福德,02-29139545,新北市新店區三民路179號1樓
149538,福強,02-29161926,新北市新店區三民路147之1號149號1樓
250740,美河,02-29182854,新北市新店區三民路35巷2號
188278,百福,02-29160810,新北市新店區三民路50號52號1樓
996903,百和,02-29128626,新北市新店區中正路306號308號1樓
211147,百建,02-29184510,新北市新店區民族路239號241號1樓
263355,嶄新,02-89146919,新北市新店區中正路57-2號1樓
277343,鎮鑫,02-89146427,新北市新店區中興路一段289號
263344,中行,02-29128620,新北市新店區中興路一段193號195號1樓
282574,五峰,02-29105740,新北市新店區中興路一段252號
143688,統客,02-29143624,新北市新店區寶興路49號
283418,寶隆,02-29175990,新北市新店區寶橋路69號1樓
228226,寶興,02-29162045,新北市新店區寶橋路88號1樓
273916,新寶橋,02-89145826,新北市新店區寶橋路192號
199821,寶科,02-89118174,新北市新店區寶橋路235巷5號1樓
173841,寶強,02-89145258,新北市新店區寶中路88號1樓
252492,鑫左岸,02-22254620,新北市中和區中原街120號122號1樓
278232,光環,02-29647641,新北市板橋區光環路二段68號70號1樓
244387,板和,02-29553278,新北市板橋區三民路二段145號145-1號153巷1號
243236,板樂,02-29640581,新北市板橋區三民路二段35巷11號1樓
278911,佳翰,02-29635853,新北市板橋區中山路二段170號
282172,家豐,02-29573209,新北市板橋區中山路二段137號1樓
284514,勝多,02-29613848,新北市板橋區縣民大道三段270巷2-6號
262684,埔墘,02-29614894,新北市板橋區永豐街87號1樓
872441,千群,02-89612979,新北市板橋區東丘里民享街53號
953663,青蘋果,02-29629746,新北市板橋區中山路二段531巷17弄20號
844907,龍翠,02-22538130,新北市板橋區雙十路二段138之1號138之2號
174062,雙源,02-82527754,新北市板橋區雙十路二段47巷30號32號
260105,重慶,02-29570341,新北市板橋區重慶路75號75號之2 一樓
284949,板安,02-29514455,新北市板橋區長安街202.204號
266103,長漢,02-29550170,新北市板橋區長安街331巷109號111號
163730,戰國,02-29541991,新北市板橋區永豐街173號175號
158691,瑞林,02-22588414,新北市板橋區龍翠里大同街52號
217204,懷翠,02-22504367,新北市板橋區懷德街203號205號1樓
239662,文聖,02-22589508,新北市板橋區文聖街64號1樓.松柏街96號1樓
284754,懷民,02-22504664,新北市板橋區民治街111號
855206,懷德,02-22554373,新北市板橋區懷德街55號57號
211413,丁煌,02-22554780,新北市板橋區文化路二段227號、229號1樓
276007,埔運,02-82524260,新北市板橋區民生路三段40號42號1樓
241698,埔西,02-22557139,新北市板橋區文化路一段393號1、2樓
281423,致理,02-22556976,新北市板橋區陽明街23巷29號1樓
921998,緯中,02-29657833,新北市板橋區中正路21號23號
148948,板權,02-22720703,新北市板橋區民權路198、200號
228112,墩璞,02-89697016,新北市板橋區中正路106號1樓
216304,大庭,02-29607369,新北市板橋區國光里6鄰國光路65號1樓
252034,國庭,02-29651700,新北市板橋區國光路1號3號1樓
216153,正華,02-29681440,新北市板橋區中正路274號276號
126890,瑞新,02-89683252,新北市板橋區瑞安街75號
284086,中一,02-29654415,新北市板橋區中正路332之5號1樓
278335,板橋中正,02-29664058,新北市板橋區中正路379巷3弄1號3號
239499,鶯瓷,02-26776941,新北市鶯歌區尖山埔路100號102號
277309,福隆站,02-24991826,新北市貢寮區福隆里福隆街8號1樓
195058,金澳底,02-24903580,新北市貢寮區仁和路218號1樓
255044,貢寮,02-24903435,新北市貢寮區仁和路9號
197386,麗寶,02-26002592,新北市林口區文化北路一段301號1樓
252698,遠來,02-26017102,新北市林口區仁愛路二段510號1樓
254856,旺來,02-86014442,新北市林口區文化三路二段20號1樓
231598,未央,02-26015949,新北市林口區文化三路二段283.283-1號
281065,幸福市,02-26022319,新北市林口區文化三路二段302號1樓
250533,立軒,02-26018410,新北市林口區文化一路一段200號202號1樓2樓
262363,東學,02-26016049,新北市林口區東湖路100號1樓
947934,卿斳,02-26015984,新北市林口區竹林路48號
250898,正翔,02-26014007,新北市林口區中正路285.287號
264808,新林口,02-26035613,新北市林口區中正路90號92號1樓
284710,愛鄉,02-86012278,新北市林口區仁愛路二段140號142號1樓
228983,林旺,02-86019016,新北市林口區仁愛路二段196號1樓
890634,觀林,02-26035527,新北市林口區林口路78號、82號1樓
252333,霖口,02-26032893,新北市林口區中山路250號250之3號1樓
284282,麗興,02-26093347,新北市林口區麗園一街11巷1號1樓之2
119571,香賓,02-26088040,新北市林口區忠孝路382號1樓
251433,德園,02-26068918,新北市林口區文化二路一段120巷1之1號
174165,德聖,02-26090148,新北市林口區公園路17號
279431,安林,02-26082671,新北市林口區文化二路一段24號26號
264967,長曜,02-26068451,新北市林口區文化三路一段249巷36號.38號1樓
968023,采鋺,02-26007384,新北市林口區文化三路一段368號
966603,興林,02-26009072,新北市林口區南勢村南勢街278號280號
183402,民揚,02-22952225,新北市五股區新五路二段572號1樓
255941,垶岳,02-22951274,新北市五股區新五路二段281號1樓及夾層
234243,芳洲,02-22951641,新北市五股區新城八路9號
165703,福泰,02-22933841,新北市五股區五福路49號51號1樓
962380,大五股,02-22953630,新北市五股區成泰路二段81號
277479,成泰,02-22935446,新北市五股區成泰路二段84號1樓
977636,新圓山,02-22926587,新北市五股區成泰路一段191號、193號
890601,水碓,02-22917335,新北市五股區水碓路14號1樓、16巷2號1樓
212520,鴻運,02-22953564,新北市五股區水碓一路1號
921149,登福,02-82952765,新北市五股區登林路76之3號
277468,泰山,02-22975073,新北市泰山區楓江路22號24號
985671,利客來,02-22953384,新北市五股區成泰路三段419號
978640,泰股,02-22936457,新北市五股區成泰路三段577巷24號
254281,成曜,02-82921773,新北市五股區凌雲路一段87號89號91號1樓
207746,浩瀚,02-26185995,新北市八里區龍形二街2-11號
238979,左岸,02-26108502,新北市八里區龍米路二段230號之1號之2號1樓
165390,西雅圖,02-86305421,新北市八里區中山路二段151號153號1樓
852230,益彰,02-26102771,新北市八里區中山路二段409號411號
165596,元町,02-26708742,新北市鶯歌區光明街128號130號1樓
982328,長虹,02-26789855,新北市鶯歌區鶯桃路432號1樓
242428,新城,02-86780704,新北市鶯歌區國際二路6巷3號5號1樓
241779,鳳鶯,02-26789082,新北市鶯歌區鳳三路25號
208912,鳳鳴,02-86775974,新北市鶯歌區永和街115巷44.46號1樓
253680,龍武,02-26790702,新北市鶯歌區龍五路89號
236146,鳳龍,02-86777645,新北市鶯歌區鳳鳴路541號543號1樓
190190,新陽,02-29898294,新北市三重區三陽路62號64號
259138,捷新,02-29745184,新北市三重區重新路四段91號91-1號
251097,真旺,02-29742151,新北市三重區成功路50巷1號
236489,三松,02-29742517,新北市三重區成功二街50號、52號
252126,集成,02-29701031,新北市三重區環河南路254巷43之1、43之2號
279327,集美,02-29772012,新北市三重區集美街107號
260976,里春,02-29741095,新北市三重區中正南路125、127號1樓
199832,美吉,02-29741941,新北市三重區集美街223號225號
251086,集興,02-29743480,新北市三重區光明里24鄰集美街202號
235589,成佳,02-29749063,新北市三重區成功路145巷44、46號
276454,重美,02-29748754,新北市三重區重新路四段100號102號1樓
173999,重安,02-29724075,新北市三重區重安街60號及60-1號
279796,美圳,02-29862234,新北市三重區過圳街14.16號1樓
149284,重新,02-29717873,新北市三重區重新路四段45號
279073,新洛華,02-29844685,新北市三重區中華路113號115號
275521,田豐,02-29840325,新北市三重區三民街150.152號
888158,明益,02-89882175,新北市三重區忠孝路三段61號
900924,頂華,02-29875488,新北市三重區頂崁街189號
128863,三安,02-29835596,新北市三重區正義北路235號
167949,長壽,02-29817585,新北市三重區正義北路198號200號1樓
208473,義強,02-29813001,新北市三重區正義北路131.133號
283360,長元,02-29777863,新北市三重區長元街2-2號
280235,福濱,02-29761371,新北市三重區龍濱路51號53號1樓
280844,龍濱,02-29769472,新北市三重區龍濱路207號209號
957333,天龍,02-29775504,新北市三重區龍門路217號219號221號
991654,仁仁,02-29763564,新北市三重區仁愛街50號
119032,幸亞,02-89853160,新北市三重區溪尾街29號
971100,百義,02-89859414,新北市三重區仁義街232號
276465,元富,02-29869074,新北市三重區仁義街106、108、110號
266446,元信,02-29878237,新北市三重區元富一街45號47號1樓2樓
159465,三好,02-89857653,新北市三重區自強路四段102號104號1樓
281157,重富,02-28571641,新北市三重區溪尾街321號323號1樓
198954,重樂,02-28559436,新北市三重區三信路196號1樓
252388,集吉,02-28570294,新北市三重區三賢街61號63號1樓
199061,蘆讚,02-82854801,新北市蘆洲區中山二路184號
990639,新吉麗,02-22889790,新北市蘆洲區中山一路204號1樓
255561,蘆安,02-28484952,新北市蘆洲區長安街64號1樓
155393,雙華,02-28488245,新北市蘆洲區中華街39號、中華街35巷6號1樓
113388,華安,02-28480247,新北市蘆洲區長安街107號
284008,蘆華,02-82850614,新北市蘆洲區長安街140號1樓
110552,蘆荻,02-82862547,新北市蘆洲區永康街1巷35號1樓
113377,飛龍,02-28474291,新北市蘆洲區永安南路二段356號環堤大道2號6號
187046,泰星,02-82853450,新北市蘆洲區成功里長安街276號
281777,永樂,02-82868745,新北市蘆洲區永樂街35號37號1樓
871482,統吉,02-22897033,新北市蘆洲區永平街32巷12弄1號
214641,新天際,02-28480473,新北市蘆洲區三民路575號
113285,民欣,02-28473454,新北市蘆洲區光榮路63號65號67號
264978,光明,02-82861947,新北市蘆洲區光明路71號
960166,蘆樂,02-28474074,新北市蘆洲區長樂路55號1樓
238980,蘆興,02-82869126,新北市蘆洲區長樂路2之6號1樓
217190,盛發,02-82867631,新北市蘆洲區光復路10號
260149,正和,02-82811841,新北市蘆洲區正和街87號89號一樓
258087,蘆洲湧勝,02-82854711,新北市蘆洲區得勝街163號
251514,憲金,02-22857237,新北市蘆洲區光華路22巷1號
279187,珈英,02-22857510,新北市蘆洲區復興路92號
206569,信義路,02-82855571,新北市蘆洲區信義路341號341之1號341之2號341之3號1樓
237792,匯和,02-22865428,新北市三重區三和路四段390巷2號
996969,天勝,02-28571747,新北市三重區仁愛街687、689號1樓
280936,池田,02-82869533,新北市蘆洲區民族路224號226號1樓
916284,領袖,02-82863383,新北市蘆洲區集賢路224巷60號62號
274517,環德,02-29769304,新北市三重區福德南路38號1樓
893873,文興,02-89727842,新北市三重區文化南路7號
962586,平安,02-29871687,新北市三重區正義北路51號
275026,義北,02-29812234,新北市三重區正義北路8號1樓
212243,大心,02-29882614,新北市三重區大同北路148巷2-1號1.2樓和2-2號
165611,福運,02-29741171,新北市三重區福德北路57號59號1樓
235604,和洲,02-29762317,新北市三重區三和路二段75號1樓
273765,荷運,02-22809692,新北市三重區三和路四段97號.97之1.97之2號1樓
158945,美慈,02-22860963,新北市三重區慈愛街52號
171568,下竹圍,02-22800646,新北市三重區下竹圍街26號
282275,勇福,02-82871465,新北市三重區永福街115、117號
179632,合康,02-22807405,新北市三重區永福街179之1及179之2號1樓
195302,大立,02-29860146,新北市三重區力行路一段184號186號1樓
274296,正陽,02-29822396,新北市三重區正義北路386號388號
189123,天台,02-29771812,新北市三重區仁德里正義南路13號15號1樓
280888,三重一,02-29747875,新北市三重區正義南路133號135號
263333,日揚,02-89852787,新北市三重區中正北路18之2號之3號之4號1樓
275901,正果,02-89859885,新北市三重區中正北路122號124號1樓
264211,三田,02-29897011,新北市三重區福田里三民街274號276號1樓
113539,虹諭,02-29848146,新北市三重區中正北路193巷21弄43號
122773,重智,02-29869556,新北市三重區大智街195號
832498,幸福,02-29860690,新北市三重區自強路一段272號
275761,莊和,02-29902262,新北市新莊區中和街34.36號
209812,富信,02-29943073,新北市新莊區自信街46.48號1樓
153401,富旺,02-29945910,新北市新莊區自立街176號178號1樓
239754,茂源,02-29949736,新北市新莊區思源路40-1號
173667,前瞻,02-29996424,新北市三重區新北大道二段258號
212357,富佑,02-22984349,新北市五股區五工路112號1樓
263698,富美,02-22981368,新北市五股區五股工業區五權路23號
982627,新福圓,02-22984180,新北市新莊區五工三路93號1樓
192602,九州,02-22984540,新北市新莊區五工二路60號62巷1號
278003,柳豐,02-24927670,新北市萬里區港東路162之11號162之12號
255826,新野柳,02-24926282,新北市萬里區港東158號
238902,金美,02-24985386,新北市金山區中山路143號145號
144359,平溪,02-24952040,新北市平溪區靜安路二段338號340號
953319,雙祥,02-24932928,新北市雙溪區雙溪村太平路65號67號
903646,雙溪,02-24931201,新北市雙溪區自強路7號
274447,瑞濱,02-24972897,新北市瑞芳區海濱路157號1樓
217112,九份,02-24061659,新北市瑞芳區基山街3號
274078,瑞信,02-24063884,新北市瑞芳區民生街23號1樓
277859,海正,02-26256490,新北市淡水區中正東路一段113號115號115-1號
263702,新真理,02-26292848,新北市淡水區新民街102號104號
972918,皇后,02-26200724,新北市淡水區新春街87號
174039,新春,02-26267510,新北市淡水區新春街142號1樓
230964,摩天灣,02-26252063,新北市淡水區中山北路一段257號1樓
164320,學府,02-26281792,新北市淡水區學府路39號41號1樓
236021,源豐,02-26210931,新北市淡水區水源街一段118號1樓
228802,英專,02-26215261,新北市淡水區英專路91號
265269,源德,02-26265872,新北市淡水區水源街一段75-2號1樓
170107,金星,02-26260905,新北市淡水區北新路65號
137764,真善美,02-26297240,新北市淡水區新市一路三段141號141之1號1樓
214814,愛琴灣,02-26239285,新北市淡水區濱海路一段430號432號
135540,紅樹林,02-28086437,新北市淡水區中正東路二段81號1樓
956341,金旦,02-26213108,新北市淡水區淡金路三段254號256號258號
241078,金昂,02-26253846,新北市淡水區新市一路一段99巷51.53號1樓
282286,鯊魚,02-28052232,新北市淡水區沙崙路196號
112400,金崙,02-28055104,新北市淡水區沙崙路24號1樓
900429,金寶,02-26297608,新北市淡水區中正路169號
231451,渡船頭,02-26257540,新北市淡水區中正路號55號及55-1號
275303,金滬,02-26223092,新北市淡水區中山路66號1.2樓.66-1號1樓
239400,樟福,02-26434449,新北市汐止區樟樹一路256號258號1樓
199038,汐福,02-26949011,新北市汐止區福德一路243號
273949,勝福,02-86934526,新北市汐止區福德一路98號100號(夾層)樓
263377,汐旺,02-26934931,新北市汐止區中興里6鄰中興路105號
148753,社后,02-26943031,新北市汐止區中興里中興路190號
274698,明峰,02-26944744,新北市汐止區明峰街179之1號
230562,鑫東冠,02-26949521,新北市汐止區康寧街459巷3號1樓2樓5號1樓
167732,湖前,02-26958128,新北市汐止區明峰街120號1樓
282770,武強,02-28095608,新北市淡水區自強路375號1樓
282091,吉發,02-28084565,新北市淡水區自強路275號
261795,竹捷,02-28085610,新北市淡水區竹圍里民族路10號
252919,立竹,02-88092553,新北市淡水區民族路58號1樓2樓
241089,竹圍,02-28091574,新北市淡水區民權路109號111號1樓
237219,紅林站,02-26242082,新北市淡水區中正東路二段65號
238603,布拉諾,02-86269823,新北市淡水區坪頂路56-8號56-9號1樓
194000,君品,02-26228201,新北市淡水區北新路141巷56.58號1樓
150860,鑫鑫,02-26262742,新北市淡水區水源街二段76號、76-1號
985604,淡江,02-26204950,新北市淡水區學府路207號
250544,鑫騰龍,02-82090316,桃園市龜山區萬壽路一段156.158號1樓
252735,吉福,03-2126804,桃園市蘆竹區吉林路167號1樓
282334,庚大,03-2118165,桃園市龜山區文化一路259號B1樓
206950,社子,03-4772202,桃園市新屋區中興路1532之1號1樓
866158,新屋,03-4772056,桃園市新屋區新生里12鄰中山路367號369號371號
954622,新屋中華,03-4776260,桃園市新屋區中華路357號1樓
181554,盛烽,03-4903974,桃園市新屋區梅高路三段310之6號
276476,雙嶺,03-4204993,桃園市中壢區松義路111號113號1樓
253082,豐亞,03-4207484,桃園市中壢區民族路六段232號236號1樓
870917,觀園,03-3854111,桃園市大園區大觀路604號606號
258054,濰坊,03-4834752,桃園市觀音區大觀路一段311號1樓
235523,Fresh千塘,03-4839293,桃園市觀音區莊敬路377號379號
121448,富中,03-2820766,桃園市觀音區中山路二段925號
194228,高達,03-2888874,桃園市楊梅區金山街302號1樓
131076,新梅,03-4883261,桃園市楊梅區新農街469-8號469-9號1樓
151689,楊昌,03-4856432,桃園市楊梅區楊新北路23號
253831,瑞揚,03-4756179,桃園市楊梅區新成路97號
275945,欣高,03-4788447,桃園市楊梅區楊梅里文德路1號1樓梅高路52-9號
276948,利新,03-4883112,桃園市楊梅區楊新路三段8號10號
163590,楊興,03-4850364,桃園市楊梅區楊新路三段331號333號
249430,萬鑫,03-4727146,桃園市楊梅區民富路三段828號830號1樓
131906,富崗,03-4728942,桃園市楊梅區新明街450號
243890,寶楊,03-4818602,桃園市楊梅區中山北路二段89號91號1樓
276764,三沅,03-4312709,桃園市楊梅區三民北路88號1樓
942401,楊民,03-4316640,桃園市楊梅區三民北路177號
913540,梅獅,03-4814576,桃園市楊梅區瑞塘里梅獅路二段231號
231772,凰舞,03-4828930,桃園市楊梅區萬大路116巷59號
920962,富先,03-4312760,桃園市楊梅區萬大路111號113號1樓
228042,永誠,03-4815483,桃園市楊梅區永美路385-9號1樓2樓
193845,鑫隆,03-4317934,桃園市楊梅區金龍三路1號3號1樓
185981,新楊埔,03-4814647,桃園市楊梅區中興路47號1樓新興街66號1樓
257659,楊梅環東,03-4883257,桃園市楊梅區環東路297號
130006,楊展,03-4882501,桃園市楊梅區校前路312號316號1樓
982557,駿躍,03-4780803,桃園市楊梅區環南路132號1樓
250658,大楊,03-2888571,桃園市楊梅區楊湖路一段90號92號94號1樓
284798,揚善,03-4785578,桃園市楊梅區中山北路一段23號25號1樓
163970,壢都,03-4579045,桃園市中壢區長沙路131號成都路72號
240282,吉豐,03-4285206,桃園市中壢區長沙路8號10號1樓
944197,華愛,03-4380269,桃園市中壢區華美一路132號136號1樓
122119,榮安,03-4515728,桃園市中壢區榮安十三街297號1樓及榮安十四街2號1樓
251949,立莊,03-4632452,桃園市中壢區莊敬路805號普騰街38巷18號1樓
278531,富莊,03-4623667,桃園市中壢區莊敬路141號
236814,復強,03-4638447,桃園市中壢區自強六路53號復華街212號1樓
146540,長業,03-4535480,桃園市中壢區長春路23號
283913,中孝,03-4517904,桃園市中壢區忠孝路248號1樓2樓
235419,成光,03-4335716,桃園市中壢區成章二街78號1樓
982063,正神,03-4615309,桃園市中壢區成章一街10號12號1樓2樓
935089,福神,03-4631992,桃園市中壢區福德路79號81號
944717,耀康,03-4332976,桃園市中壢區溪洲街267巷1號一樓
274344,豐彩,03-4795793,桃園市龍潭區中豐路398號1樓
250717,百年,03-4700905,桃園市龍潭區烏樹林里中豐路317號１樓
153618,台積Q,03-4899769,桃園市龍潭區龍園六路101號2樓
251916,渴望村,03-4071070,桃園市龍潭區三和里渴望路428號B1樓
973036,新友達,03-4072501,桃園市龍潭區三和里新和路1號B棟7樓
284835,龍政,03-4798711,桃園市龍潭區中正路190號192號1樓2樓
886646,正同,03-4808831,桃園市龍潭區中正里15鄰中正路472號474號
942102,金沅,03-4506616,桃園市平鎮區東勢里金陵路五段255號
206983,揚金,03-2840911,桃園市平鎮區金陵路二段288號
985877,金鋒,03-4385214,桃園市中壢區金鋒四街50巷2號1樓
275565,榮躍,03-4650762,桃園市中壢區榮民南路462號464號
281973,興東,03-4385696,桃園市中壢區中山東路三段226號228號228之1號
210672,龍汶,03-4163082,桃園市中壢區龍文街33巷2號6號1樓
250809,慶福,03-4379089,桃園市中壢區同慶路277號1樓
276074,富友,03-4569015,桃園市中壢區中山東路三段419號421號423號1樓
183251,羿龍,03-4563734,桃園市中壢區龍慈路283號1樓
274908,成龍,03-4572652,桃園市中壢區龍岡路三段192號194號196號1樓
970624,龍侑,03-4601054,桃園市平鎮區龍德路8號1樓;龍福路1號1樓
284499,龍岡,03-4665712,桃園市中壢區龍東路508號510號1樓
122821,平東,03-4607776,桃園市平鎮區平東路225號227號229號1樓
990400,金平,03-4505739,桃園市平鎮區東勢里金陵路四段485號1樓
254421,萬能科,03-4536259,桃園市中壢區萬能路1之2號1樓
244099,A18,03-2877559,桃園市中壢區高鐵北路一段5號B1樓
844745,大溪,03-3871334,桃園市大溪區中央路152號
228307,羅浮,03-3821892,桃園市復興區羅浮119之1號
215873,國藝,03-3576015,桃園市桃園區南平路185號187號1樓
138985,辰興,03-3583730,桃園市桃園區大興西路一段178號1樓新埔五街83號85號1樓
275956,謙悅,03-3151916,桃園市桃園區新埔六街58號60號1樓
250485,詠康,03-3474990,桃園市桃園區長春路37號39號1樓
252551,縣北,03-3318746,桃園市桃園區中山北路136號1樓
184014,市正,03-3317219,桃園市桃園區縣府路88之1號1樓2樓
184449,立揚,03-3314841,桃園市桃園區正光路116號1樓
130899,文中,03-2173104,桃園市桃園區文中路65號1樓
190776,宏亞,03-2289084,桃園市桃園區中平路102號1樓
250980,金學,03-3779254,桃園市桃園區國際一路121號
228547,振聲,03-3354452,桃園市桃園區復興路389號1樓
913012,長陽,03-3711375,桃園市桃園區長沙街90號1樓
262709,崴信,03-3265379,桃園市桃園區信光路22號1樓
120607,青溪,03-3313487,桃園市桃園區自強路2號1樓與中山東路153號1樓
283902,臻愛,03-3352178,桃園市桃園區大業路一段152號
110080,千禧,03-2134732,桃園市龜山區光峰路千禧新城15號1樓
972310,忠湖,03-3287847,桃園市龜山區忠義路二段630號
924573,嶺頂,03-3192515,桃園市龜山區萬壽路二段6巷35號
275211,庚亞,03-3974676,桃園市龜山區復興一路150號1樓
119087,信陽,03-3280293,桃園市龜山區公西里12鄰復興一路86號
971616,新長明,03-3961534,桃園市龜山區復興一路62號1樓
210454,長林,03-3287173,桃園市龜山區復興街5號地下層
182834,緯華,03-3277973,桃園市龜山區文化二路34巷14弄12號14號1樓
200996,廣華,03-2115427,桃園市龜山區文化三路386號1樓
273293,統文,03-3185635,桃園市龜山區文化七路179號1樓
198828,登冠,03-3186887,桃園市龜山區文化二路52巷53號一樓
982214,鑫華夏,03-2115130,桃園市龜山區文化二路28-1號28-2號28-3號1樓
954699,義展,03-3763771,桃園市八德區義勇街151號151-1號1樓
254362,湧北,03-3712775,桃園市八德區東勇街396-1號
231071,森豪,03-2180784,桃園市八德區東勇北路295之1號
214928,勇伯,03-2182953,桃園市八德區東勇北路380號
931456,德勇,03-2188300,桃園市八德區大勇里忠勇街365號
210605,大湧,03-3713287,桃園市八德區東勇二路111號
142124,世傳,03-3670224,桃園市八德區和平路122號126號1樓
943954,冠成,03-3749327,桃園市八德區重慶街172號
988289,桃金,03-3628357,桃園市桃園區金門二街83號及93號1樓
186962,新達豐,03-3643819,桃園市桃園區延平路202號;大豐路194號
238315,擎天,03-3753250,桃園市桃園區桃鶯路50號52號1樓
249876,尊品,03-3634561,桃園市桃園區建國路41-1號1樓
882404,文福,03-3709798,桃園市桃園區文中路747號
940058,國豐,03-2174894,桃園市桃園區國豐六街25號
278520,桃龍,03-3703291,桃園市桃園區龍安街79號81號
244000,八寶,03-3441926,桃園市桃園區德華街173號
182188,新武陵,03-3692146,桃園市桃園區上海路82號84號江南八街49號
260611,鼎桃,03-2171897,桃園市桃園區宏昌六街281號1樓
277240,源盛,03-2172463,桃園市桃園區國聖一街188號1樓;宏昌十二街587號1樓
924986,明光,03-3780845,桃園市八德區中華路157號
113702,高城,03-2173952,桃園市八德區高城八街58巷5號1樓
977991,蜜鄰,03-3606256,桃園市桃園區龍壽街96號98號
144751,鑫帝標,03-3441963,桃園市桃園區龍泉二街65號龍城五街66.68號1樓
251927,富邑,03-3785009,桃園市桃園區龍泉五街82號龍祥街98號
260622,新捷市,03-3704035,桃園市桃園區龍泉六街49號及龍城一街89號91號
238223,德力,03-3778096,桃園市八德區大福里介壽路一段134號136號
230218,桃誠,03-3673394,桃園市八德區公園路160號
142582,智勝,03-3679443,桃園市桃園區桃智路1號3號1樓
279981,新德鴻,03-3767172,桃園市桃園區永福西街111號113號
882172,國僑,03-3644882,桃園市八德區建國路1075號
182225,迎和,03-3634716,桃園市八德區金和路52號
179562,八德介壽,03-3647065,桃園市八德區介壽路二段216號218號1樓
181222,東凌,03-3689594,桃園市八德區中正路112號116號
996475,德僑,03-3659877,桃園市八德區豐德路31號1樓
924654,士香,03-3072579,桃園市大溪區員林路一段228號
121817,文漢,03-3883094,桃園市大溪區文化路188號
180975,興豐,03-3656424,桃園市八德區興豐路418號
166773,廣隆,03-3732294,桃園市八德區廣興路195號
160018,興圓,03-3653530,桃園市八德區長興路76號1樓
180481,福厚,03-3686404,桃園市八德區興仁里建德路229號
199360,上興,03-3135392,桃園市蘆竹區上興路251號253號1樓
180089,亮亞,03-3231648,桃園市蘆竹區大福路189號
952279,竹盈,03-3135745,桃園市蘆竹區大竹里大新路133號1-3樓
195047,祥綸,03-3819721,桃園市大園區高鐵北路三段45號
251053,新昇,03-2871675,桃園市中壢區新生路四段28.30號1樓
275336,園生,03-2871264,桃園市大園區新生路四段273號1樓
180609,青禾,03-4533841,桃園市中壢區高鐵站前西路二段96號1樓
212597,青航,03-2876564,桃園市中壢區領航北路二段60號、民權路四段309號1樓
262569,忠愛莊,03-4984189,桃園市觀音區忠愛路一段90號92號1樓
154116,大崙,03-4984287,桃園市中壢區中正路四段35號
255099,大享,03-4224805,桃園市中壢區中正路1262號1樓
122142,高屋,03-4945931,桃園市中壢區民族路二段150號152號
284639,環民,03-4925034,桃園市中壢區環西路2號1樓民族路336號338號1樓
934695,夜市,03-4024619,桃園市中壢區中央西路二段125號
135713,勝壢,03-4251981,桃園市中壢區中央西路一段一號一樓
261739,志廣,03-4028631,桃園市中壢區志廣路107號109號1樓2樓
138538,三光,03-4029671,桃園市中壢區中央西路二段259號259-1號1樓
963626,家權,03-2810712,桃園市中壢區民權路二段98號
958015,海和,03-4265714,桃園市中壢區六和路66號68號
262787,福州一,03-4623047,桃園市中壢區福州一街102號1樓
263551,新街,03-4617330,桃園市中壢區環北路537號539號543號1樓
130729,韻翔,03-4930896,桃園市平鎮區文化街71號1樓
174774,廣城,03-4924445,桃園市平鎮區廣達里廣平街20號24號1樓
194099,廣耘,03-4029840,桃園市平鎮區廣泰路212號1樓
193498,禾安,03-4010391,桃園市平鎮區平德路295號1樓
253819,廣泰,03-4910675,桃園市平鎮區廣泰路130號132號1樓
920906,開立,03-4950392,桃園市平鎮區新光路19號21號23號1樓
252067,廣興,03-4953721,桃園市平鎮區忠孝路69號1樓
239444,明揚,03-4925297,桃園市平鎮區延平路二段76號
276694,高民,03-4914028,桃園市平鎮區延平路二段214號1樓
284330,宏宇,03-4288596,桃園市平鎮區金陵路二段104號
241355,德興,03-4575450,桃園市平鎮區德育路二段3號1樓振興路12號1樓
144773,森壢,03-4583746,桃園市中壢區新興里2鄰林森路30號1樓
122326,福記,03-4681347,桃園市中壢區林森路166號168號
875484,站行,03-4574334,桃園市中壢區新興路162號
130176,原大,03-4368760,桃園市中壢區實踐路46號1樓
274470,北原,03-4655694,桃園市中壢區新中北路239號241號1樓
184298,航站北,03-3932812,桃園市大園區航站南路15號B1樓
184287,航站南,03-3931733,桃園市大園區航站南路15號B1樓
196291,航站五,03-3932573,桃園市大園區航站南路9號5樓
264451,航園,03-3858746,桃園市大園區中正東路102號
113344,大和園,03-3842854,桃園市大園區中山南路272號及272-1號1樓
265063,新田園,03-3868997,桃園市大園區新興路62號
113078,濱海,03-3935661,桃園市大園區竹圍里五鄰竹圍街45-3號
112329,海湖,03-3544721,桃園市蘆竹區濱海路一段40號42號
182775,航林,03-3836620,桃園市大園區三民路二段626號1樓
113573,果林,03-3935321,桃園市大園區?林里?林路97號1樓
199359,頂社,03-3243632,桃園市蘆竹區山林路三段170-2號
181462,航明,03-3241971,桃園市蘆竹區南山路二段497號1樓
893840,蘆山,03-3118955,桃園市蘆竹區中山路152號154號156號一樓
214294,元翔,03-3112034,桃園市蘆竹區六福路247巷2-1號
180573,國力,03-2170120,桃園市桃園區國際路二段426號428號1樓
976389,新大興,03-2160587,桃園市桃園區大興西路二段253號1樓
209834,福倉,03-3608304,桃園市桃園區正光路425號1樓427號1樓
228569,金汲,03-3383733,桃園市桃園區力行路385巷11號13號1樓
130017,慈德,03-3575083,桃園市桃園區慈德街53號55號57號
180115,慈中,03-3254968,桃園市桃園區中正路820號1樓2樓
263045,桃朋,03-3021150,桃園市桃園區大興西路二段1號1樓
250991,興源,03-3028487,桃園市桃園區大興西路二段82號1樓
282758,同德,03-2150474,桃園市桃園區中埔二街150號
253554,福利國,03-3467422,桃園市桃園區同德六街170號1樓
987910,維瀚,03-3468299,桃園市桃園區中埔六街36號1樓
166463,藝德,03-3258230,桃園市桃園區同德十一街98號100號
255538,雙慶,03-3013836,桃園市桃園區安慶街84號86號1樓
144072,鈺朋,03-3023234,桃園市桃園區莊敬路二段105號1樓
276063,貴族,03-3562962,桃園市桃園區南平路306號1樓
174936,莊正,03-3015412,桃園市桃園區莊二街148號1樓
235660,金萬,03-3584081,桃園市桃園區莊二街1號1樓
241481,國祥,03-3461185,桃園市桃園區自強里經國路685號
227957,國悅,03-3151576,桃園市桃園區天祥七街101號103號
260884,新莊伯,03-3464840,桃園市桃園區莊敬路一段175號177號1樓
151782,健業,03-3581545,桃園市桃園區健行路88號
216555,輕井澤,03-3565648,桃園市桃園區大業路一段355號357號一樓
228318,上青,03-3229405,桃園市蘆竹區中山路12之2號1樓
249522,上賀,03-3217836,桃園市蘆竹區光明路一段100號
941132,錦坎,03-3118092,桃園市蘆竹區南崁路一段76號78號
992510,台茂城堡店,03-2123583,桃園市蘆竹區南崁路一段112號2樓
951036,蘆坎,03-3215438,桃園市蘆竹區南崁里南華一街142號一樓
952327,蘆航,03-3124710,桃園市蘆竹區南興里南昌路18號1樓
239031,國邦,03-3522987,桃園市蘆竹區忠孝西路206號1樓
263414,盧奉,03-2129384,桃園市蘆竹區奉化路25號27號1樓
279958,順舜,03-3228620,桃園市蘆竹區南順六街22號24號26號
149295,航福,03-3229743,桃園市蘆竹區南福街97號99號
131168,民大,03-3256860,桃園市桃園區大興路221號1樓
244147,興一,03-3581837,桃園市桃園區大興路265號
155430,大有,03-3584876,桃園市桃園區大有路547號1樓
251134,有家,03-3257574,桃園市桃園區大有路457號459號1樓
121725,有寶,03-3467732,桃園市桃園區寶山街209號1樓
864886,假日,03-3568448,桃園市桃園區大有路560號1樓
242510,吉聖,03-3793197,桃園市桃園區吉昌街237號1樓
200103,醫林,03-3275392,桃園市龜山區長庚醫護新村80號B1樓
166681,富亨,03-3275307,桃園市龜山區文青路206號208號210號1樓
230230,鑫大庄,03-5401797,新竹市香山區香山里大庄路75、77號1樓
228961,豪順,03-5386259,新竹市香山區香山里瑞光街23號
123190,寶豐,03-5294018,新竹市東區高峰路536巷58號之1
277985,青草湖,03-5296583,新竹市東區明湖里明湖路3鄰1012-1號
972262,煙波,03-5296586,新竹市東區明湖路967號1樓
277262,育賢,03-5624805,新竹市東區南大路611號613號1樓
170853,晏丞,03-5612425,新竹市東區振興路50號1樓
207285,頂福,03-5388361,新竹市香山區中山路622號626號
238131,東香,03-5402700,新竹市香山區頂埔路2號
276111,香圃,03-5305337,新竹市香山區牛埔東路253號1樓
274366,東君,03-5305077,新竹市香山區東華路14號1樓
234519,GRC,03-5678253,新竹市東區科園里工業東三路1號1樓
208761,聯發E,03-5795231,新竹市東區篤行路5號
970451,世界先進,03-5778992,新竹市東區力行路9號2樓
198699,聯發科,03-5679040,新竹市東區篤行一路1號
922566,新竹友達,03-5789976,新竹市東區科學園區力行二路1號
283522,關圓,03-5788214,新竹市東區關東路56號1樓
155131,富首,03-5678054,新竹市東區慈濟路230號1樓
267483,富禹,03-6687604,新竹市東區埔頂三路6號
233309,鴻川谷,03-5798219,新竹市東區埔頂二路101號
264864,埔竹,03-5781471,新竹市東區埔頂二路148號1樓
236157,學圓,03-6687254,新竹市東區科學園路54號1樓
253691,科有,03-5779289,新竹市東區光復路一段531巷70-1號
249164,復全,03-5771145,新竹市東區新莊里長春街11.13號1樓
185257,藍海,03-5679182,新竹市東區關新路21號1樓
253989,金山街,03-5794468,新竹市東區金山街30號1樓
240190,梅竹,03-5714668,新竹市東區光明里14鄰大學路56號58號60號
215910,迎竹,03-5165987,新竹市東區大學路1001-2號
281124,高清,03-5737884,新竹市東區建功里建功路6號1樓
164962,清大,03-5166254,新竹市東區光復路二段101號
275509,公學,03-5748532,新竹市東區建功一路93號
211859,水水,03-5165479,新竹市東區水源街69號1樓
262396,保忠,03-5738890,新竹市東區忠孝路1號
991506,新勝,03-5715124,新竹市東區東光路75號1樓
278667,佑忠,03-5619024,新竹市東區忠孝路430號432號
924919,學英,03-5728236,新竹市東區學府路37號
278863,東品,03-5618092,新竹市東區食品路146號1樓
980735,鑫旭升,03-5619048,新竹市東區東南街98號1樓
944326,天湖,03-5621482,新竹市東區明湖路180號
252609,育英,03-5231551,新竹市北區育英里15鄰四維路53號1樓.西門街212號1樓
249810,東中,03-5212078,新竹市北區東門街194號1+B1樓
249821,竹城,03-5250326,新竹市北區西門里中山路100號
193122,北大門,03-5259596,新竹市北區北門街96號1樓
941914,新親仁,03-5336597,新竹市東區親仁里仁愛街30號1樓
864808,城北,03-5239470,新竹市北區城北街43號
249832,恆新,03-5242900,新竹市北區民富里7鄰北大路342號
254339,磐石,03-5338457,新竹市北區西大路740號1樓
184025,新悅,03-5428767,新竹市北區經國路二段188號190號1樓
132297,空軍,03-5430162,新竹市北區中正路385號387號1樓
240101,正御,03-5430369,新竹市北區中正路309號1+B1樓
976688,正國,03-5436459,新竹市北區中正路286之1號一樓
274562,竹陵,03-5153239,新竹市北區東大路二段174號
231200,武陵,03-5409439,新竹市北區武陵路63號1樓
216197,禾雅,03-5423106,新竹市東區鐵道路一段66號
920032,千久,03-5338512,新竹市東區民主路154號156號
250913,自興,03-5354292,新竹市東區自由路69號
283784,雙民,03-5347583,新竹市東區民族路205號1樓
137030,新竹民,03-5341957,新竹市東區民族路114號116號1樓
282183,日光,03-5427853,新竹市東區民權路100號1樓
252506,竹博,03-5152946,新竹市東區民生路226號
279589,東民,03-5723680,新竹市東區忠孝路149號
251145,大潤,03-5359394,新竹市北區湳雅里22鄰湳雅街46號
136152,宏光,03-5317661,新竹市北區光華一街29號1樓
174176,竹森,03-5424164,新竹市北區光華東街105.107號
194619,寶捷,03-5340151,新竹市東區田美三街35號
234748,新竹金農,03-5429700,新竹市北區金農路2號
236755,金采,03-5426032,新竹市北區金雅路62號
232764,金雅,03-5426331,新竹市北區金雅路165號
234380,東延,03-5365573,新竹市北區延平路三段590號1樓
950033,盛天,03-5369457,新竹市北區延平路三段545號
239673,關新,03-5782449,新竹市東區關新路179號1樓
951678,里客,03-5244323,新竹市東區民族路7號1樓
207573,啟碁,03-5774765,新竹縣寶山鄉園區二路20號1樓
912927,台積二,03-5797355,新竹縣寶山鄉園區三路121號B1
183343,進一廠,03-5798620,新竹縣寶山鄉園區三路123號
130338,台積電,03-5773140,新竹縣寶山鄉研新二路6號
912938,台積三,03-5797212,新竹縣寶山鄉研新一路9號
233675,P8廠北,03-5670682,新竹縣寶山鄉科環路168號B1樓
122290,台積P6,03-5798243,新竹縣寶山鄉新竹科學園區園區二路166號
143552,台積,03-5790640,新竹縣寶山鄉園區二路168號1樓
154080,積七,03-5790146,新竹縣寶山鄉園區二路170號1樓
130707,菄族,03-5822817,新竹縣竹東鎮民族路66號1樓
239064,朝陽,03-5103109,新竹縣竹東鎮朝陽路70號72號74號1樓
252964,長政,03-5103216,新竹縣竹東鎮中正路15號1樓
253727,福崙,03-5558473,新竹縣竹北市福興路705號1樓
279350,縣科,03-5585349,新竹縣竹北市縣政二路南段103號
210801,印月,03-5584561,新竹縣竹北市科大一路140號1樓
214227,府樂,03-5585235,新竹縣竹北市縣政九路80號一樓
997847,沐庭,03-5586247,新竹縣竹北市光明六路106號1樓
239318,光揚,03-5588571,新竹縣竹北市光明六路247號249號251號一樓
273857,北崙,03-5558347,新竹縣竹北市光明三路35.37號1樓
181691,宥昌,03-5926051,新竹縣芎林鄉文富街100號1樓
284237,加勝,03-5501009,新竹縣竹北市勝利八街二段63.65號1樓
264440,強鹿,03-6577734,新竹縣竹北市自強北路256號1樓
122603,首璽,03-6682461,新竹縣竹北市自強六街13號1樓
923226,鹿家,03-5509423,新竹縣竹北市自強南路136號
260714,縣運,03-5502437,新竹縣竹北市莊敬南路21號1樓
181602,大硯,03-6688042,新竹縣竹北市文興路311號
251569,新瓦屋,03-6577424,新竹縣竹北市文興路一段172.176號1樓
281250,家興,03-5502894,新竹縣竹北市嘉豐五路二段168號1樓
278128,豐禾,03-6586194,新竹縣竹北市嘉豐六路二段76號1樓
236892,文嘉,03-6577740,新竹縣竹北市文興路一段398號1樓
261164,隘口,03-6585403,新竹縣竹北市隘口二路27號
210487,日和,03-6670971,新竹縣竹北市文興路二段150號.高鐵二路51號
193487,豐富,03-6670394,新竹縣竹北市復興三路一段105號1樓
251857,六家,03-6672052,新竹縣竹北市福興東路二段105號1樓
237828,家安,03-6670625,新竹縣竹北市嘉興路168巷2號
123189,嘉豐,03-6582578,新竹縣竹北市嘉豐北路76號78號
263573,東鐵,03-6670376,新竹縣竹北市隘口三街231號1樓
130475,關西,03-5171983,新竹縣關西鎮正義路286-1號1樓
137535,埔田,03-5882584,新竹縣新埔鎮中正路5號7號1樓
236283,翰聖,03-5887757,新竹縣新埔鎮田新路476號478號1樓
273592,新埔,03-5887237,新竹縣新埔鎮中正路221號
893655,埔中,03-5888775,新竹縣新埔鎮中正路617號619號621號
230894,埔山,03-5891755,新竹縣新埔鎮文山路犁頭山段936號
262259,十興,03-6589536,新竹縣竹北市莊敬北路130號
261599,禾遠,03-6585974,新竹縣竹北市莊敬五街13號
122038,宇軒,03-6576632,新竹縣竹北市勝利二路85號1樓
274001,大勝,03-6681541,新竹縣竹北市勝利十一路101號
180322,采虹,03-6583504,新竹縣竹北市勝利八街一段345.347號1樓
283267,明采,03-5587067,新竹縣竹北市光明一路158號1樓
280774,縣汶,03-5584427,新竹縣竹北市縣政二路233號235號1樓
277169,新北竹,03-5554064,新竹縣竹北市博愛街358.360號1樓
261326,竹北中華,03-5535441,新竹縣竹北市中華路881號1樓
279969,北泰,03-5530956,新竹縣竹北市中正西路132號134號
273880,銓國,03-5534785,新竹縣竹北市中正西路244.246號
944588,鳳岡,03-5563289,新竹縣竹北市長青路一段388號390號
282943,中新,03-5559619,新竹縣竹北市中正西路389號1樓
234944,北泱,03-5517352,新竹縣竹北市中央路200號1樓
199429,竹樺,03-5516946,新竹縣竹北市華興街298號1樓
250625,湖山,03-5901262,新竹縣湖口鄉中山路三段487號489號
187091,湖崗,03-5995848,新竹縣湖口鄉中山路二段430號
922751,源泰,03-5999488,新竹縣湖口鄉中興街172號174號176號
250636,源晟,03-5579768,新竹縣湖口鄉新興路628號630號
967282,新高湖,03-5571841,新竹縣新豐鄉新興路403號1樓
209982,湖貫,03-5575025,新竹縣湖口鄉新興路486號
210029,學府居,03-5575470,新竹縣新豐鄉學府街45號47號
137524,冠宇,03-5578596,新竹縣新豐鄉忠孝路1號
232834,明嘉,03-5576940,新竹縣新豐鄉重興村新庄路203號1樓
914037,豐興,03-5599897,新竹縣新豐鄉建興路一段128號
284606,源冠,03-5572871,新竹縣新豐鄉尚仁街92號1樓
276960,新康,03-5572191,新竹縣新豐鄉松林村7鄰康樂路一段216號1樓
154943,欣樂,03-5577364,新竹縣新豐鄉康樂路一段358號
233376,聚豐,03-6590767,新竹縣新豐鄉松柏村明新六街36號
287144,力成科,03-5972154,新竹縣湖口鄉大同路26號6樓
276340,新湖工,03-5974942,新竹縣湖口鄉中華路54號
228178,沅均,03-5971461,新竹縣湖口鄉光復東路120之1號
242565,悠揚,03-5974482,新竹縣湖口鄉安宅八街1號3號1樓
988337,湖安,03-5974735,新竹縣湖口鄉光復東路395號1樓
123363,湖口,03-5994895,新竹縣湖口鄉中正路一段34號、36號
863458,醫湖,03-5904938,新竹縣湖口鄉孝勢里忠孝路20號22號
988038,世豊,03-5590282,新竹縣新豐鄉建興路一段173號175號一樓
212380,千晴,037-873709,苗栗縣三義鄉西湖村伯公坑178號
870766,三義,037-876099,苗栗縣三義鄉中正路118號
941925,館福,037-236205,苗栗縣公館鄉館南村館南路216-2號
141154,大大,037-229711,苗栗縣公館鄉大同路160號162號1樓
276188,苗栗,037-371479,苗栗縣苗栗市民族路99號101號1樓
261278,源栗,037-375346,苗栗縣苗栗市水源里14鄰中正路1402號
952626,苗碩,037-321719,苗栗縣苗栗市維新里新東街219號
211871,苗公,037-359660,苗栗縣苗栗市青苗里至公路12號
982281,新苗中,037-359140,苗栗縣苗栗市府前路120號
229827,新苗治,037-371602,苗栗縣苗栗市北苗里自治路68號
227706,沿山道,037-227591,苗栗縣公館鄉尖山村尖山244-9號
166290,苗栗高,037-725775,苗栗縣後龍鎮新東路468號
118028,苗鑫,037-374655,苗栗縣苗栗市國華路1092號
115867,鑫正發,037-333281,苗栗縣苗栗市正發路196號
250315,瑛才,037-374256,苗栗縣苗栗市英才路109號
993085,苗豐,037-266930,苗栗縣苗栗市為公路167-1號
164331,栗華,037-278968,苗栗縣苗栗市中華路78號
278379,華星,037-271886,苗栗縣苗栗市福星里國華路276號.276-1號及278號
267025,為公,037-269423,苗栗縣苗栗市為公路602號
232421,頭獎,037-251855,苗栗縣頭屋鄉頭屋村尖豐路49號
282389,頭屋,037-251643,苗栗縣頭屋鄉尖豐路118號120號1樓
234597,金世桔,037-855210,苗栗縣苑裡鎮客庄里世界路二段148號
131353,新和苑,037-855563,苗栗縣苑裡鎮苑南里為公路4鄰16之1號1樓
882563,通霄,037-760451,苗栗縣通霄鎮中正路19號
181037,通高,037-760192,苗栗縣通霄鎮內湖里12鄰烏眉路308號
188049,龍庄,037-729105,苗栗縣後龍鎮大庄里成功路207號
953272,田馨,037-854380,苗栗縣苑裡鎮田心里田心段36之3號
116480,豪麥,04-25899467,苗栗縣卓蘭鎮中山路48號之4
933164,淇丞,037-673025,苗栗縣頭份市建國路二段128號
208196,尚順,037-592995,苗栗縣頭份市東民五街1號和3號
239514,仟翔,037-484318,苗栗縣竹南鎮龍山路二段275號
233848,竹圍仔,037-467194,苗栗縣竹南鎮復興路380號
121080,龍宸,037-466904,苗栗縣竹南鎮營盤里博愛街367號1樓
235475,海心,037-552405,苗栗縣竹南鎮開元路549號
207067,海口,037-471842,苗栗縣竹南鎮明勝路491-1號
121367,貞豪,037-635612,苗栗縣頭份市永貞路一段128號1樓
931825,尖豐,037-616773,苗栗縣頭份市尖下里尖豐路316號1樓、320巷2、6號1樓
184128,造橋鄉,037-563101,苗栗縣造橋鄉造橋村平仁路105-1號
211985,潘桃,037-685792,苗栗縣頭份市成功里6鄰信東路280號
284651,昶誼,037-676674,苗栗縣頭份市後庄里幼英街131號1樓
208392,龍陽,037-620156,苗栗縣頭份市光華北路150號
278221,慶丞,037-596428,苗栗縣頭份市合興里信義路14鄰381號
255217,後庄,037-674612,苗栗縣頭份市中央路603、605號
242543,頭份公園,037-636205,苗栗縣頭份市後庄里公園六街9號
276281,天文,037-633952,苗栗縣竹南鎮天文路176號
181679,圳營,037-477965,苗栗縣竹南鎮中正路114號1樓
882080,慶竹,037-480406,苗栗縣竹南鎮民族街82號民權路47號
137557,國豪,037-470992,苗栗縣竹南鎮延平路170號
281526,光南,037-470195,苗栗縣竹南鎮照南里光復路342號
256782,照南,037-479931,苗栗縣竹南鎮佳興里至善街2號
951863,龍詮,037-611551,苗栗縣竹南鎮山佳里龍山路三段305號
175076,統寶,037-580641,苗栗縣竹南鎮科中路12號B2
233712,AP六,037-581340,苗栗縣竹南鎮大埔里科專一路1號
233608,科金,037-581763,苗栗縣竹南鎮科專六路275號
278483,鹿成,04-26628474,台中市沙鹿區光華路394.396號1樓
264598,清峰,04-26226842,台中市清水區中華路330號、鰲峰路173-3號
166533,智光,04-26568163,台中市梧棲區大智路一段525號1樓
980816,億承,04-26566134,台中市清水區民和路二段195號
276959,梧汊港,04-26560487,台中市清水區北堤路30號
860644,日出,04-26818410,台中市大甲區孟春里通天路168號
903831,日南,04-26821781,台中市大甲區日南里青年路130號
182432,榮田,04-23362440,台中市烏日區三榮路二段199號
195933,三和,04-23363462,台中市烏日區三榮路一段558號
243351,大安綻,04-26803877,台中市大安區海墘里11鄰東西六路二段189號
228341,茂華,04-26805206,台中市大甲區蔣公路170號1樓
852067,順大,04-26870347,台中市大甲區中山路一段1085號
184335,幼勝,04-26822276,台中市大甲區中山路二段920之21號之22號之23號之25號之26號
283474,斗抵,04-26359855,台中市沙鹿區沙田路43-12號
126720,天仁,04-26361763,台中市沙鹿區斗抵里沙田路17之19號
209764,文銧,04-26361943,台中市沙鹿區斗潭路230號1樓
207159,北忠,04-26311091,台中市沙鹿區北勢東路806號
123086,龍田,04-26307486,台中市龍井區田中里臨港東路一段75號
264543,興府,04-25677731,台中市大雅區學府路51號
262330,福廣,04-25674255,台中市大雅區中山路1號3號5號1樓
206927,浤淶,04-25607490,台中市大雅區中清路四段408號
933223,高美祿,04-26275803,台中市清水區高美路190號1樓
193719,泰安二,04-25588405,台中市后里區安眉路113號(南下大巴停車區前7-11)
193720,泰安三,04-25588274,台中市后里區九甲七路400號(北上大巴停車區前7-11)
193694,泰安一,04-25588403,台中市后里區安眉路113號(南下小客車商場內7-11)
193708,泰安綻,04-25588315,台中市后里區九甲七路400號 (北上小客車商場內7-11)
235143,新麗寶,04-25586466,台中市后里區福容路201號1樓
209683,后宥,04-25587727,台中市后里區甲后路一段955號
142478,美光,04-25584700,台中市后里區三豐路四段369號
231336,美芯,04-25584481,台中市后里區三豐路四段369號1樓
206606,美豐,04-25584887,台中市后里區三豐路五段128號
113252,后里廠,04-25584367,台中市后里區馬場路1號
950170,承軒,04-25629203,台中市神岡區民生路48之7號8號9號
881814,水豐,04-25390920,台中市豐原區鐮村路462號
268028,鑫豐喜,04-25131162,台中市豐原區南陽路120號1號
122809,豐村,04-25297481,台中市豐原區南村里豐東路412號416號1樓
230850,花樂,04-25724196,台中市石岡區豐勢路1111號1樓
923558,新石岡,04-25724608,台中市石岡區明德路118號
883913,新豐田,04-25151215,台中市豐原區豐南街145號
893725,京泰,04-25123668,台中市豐原區成功路195號.西勢路98號
216762,瑞彬,04-25281288,台中市豐原區西安街68號
922304,新豐興,04-25297609,台中市豐原區東勢里中興路57號
854742,豐信,04-25270791,台中市豐原區復興路75號信義街77號
229665,欣廟東,04-25256356,台中市豐原區中正路131.133號
132459,豐三民,04-25220935,台中市豐原區三民路38號1樓
216577,欣三豐,04-25285477,台中市豐原區源豐路89、93、95號1樓
228134,榮春,04-25258272,台中市豐原區圓環西路92號
263322,豐后,04-25220527,台中市豐原區三豐路二段186、188號1樓
903288,京展,04-25158368,台中市豐原區中正路858號1樓
959340,奇晉,04-25202546,台中市神岡區豐洲路469號1樓
142216,豐科,04-25251821,台中市豐原區豐原大道七段381號1樓
119803,豐鑫,04-25235475,台中市豐原區向陽路276號
276982,新豐陽,04-25239171,台中市豐原區南陽路372號1樓
951586,萳陽,04-25297014,台中市豐原區南陽路480號
194561,晞寶,04-25604775,台中市大雅區昌平路四段556號
208037,環禹,04-25604273,台中市大雅區雅環路二段126號
962988,神林,04-25688503,台中市大雅區神林南路144號
276683,神寶,04-25613400,台中市神岡區中正路100號
174545,大肚,04-26994658,台中市大肚區沙田路二段740號
142320,大秀,04-26281748,台中市清水區五權路328號
971971,新政,04-26761738,台中市大甲區信義路193號
903303,上楓,04-25688574,台中市大雅區民生路三段523號
166669,奇積,04-24621293,台中市西屯區新科路1號
114624,佳積,04-25694520,台中市大雅區科雅六路1號
151508,亞和,04-25602429,台中市大雅區中山北路410號
174372,雅潭,04-25685151,台中市大雅區學府路209號
943091,國安國宅,04-24610890,台中市西屯區國安一路208巷1號
120146,瑞聯,04-24634826,台中市西屯區福科路890號1樓
283016,福康,04-24638081,台中市西屯區福林里福康路33號
261267,聯順,04-24629546,台中市西屯區福聯里福順路898號900號
255527,福林,04-24628940,台中市西屯區福林路31巷150號
236674,逢德,04-24518827,台中市西屯區青海路二段321號323號
977500,逢仁,04-24512777,台中市西屯區青海路二段262號
120168,尚仁,04-24527497,台中市西屯區上仁街139號
193982,逢星,04-24522597,台中市西屯區福星路651-8號
195450,逢美,04-24524138,台中市西屯區烈美街98號
971328,鑫工和,04-23593506,台中市西屯區協和里工業區三十八路30號1樓
147945,理想,04-26529013,台中市龍井區國際街155號157號159號1樓
249795,科雅,04-24636793,台中市西屯區福雅路571-1號
236939,瑞盟,04-24621596,台中市西屯區福雅路143-1號
113001,港強,04-24632861,台中市西屯區福科路295號一樓
900175,福茂,04-24628460,台中市西屯區西屯路三段148-30號
265421,原義,04-23173966,台中市西屯區忠義街80號
230539,新通豪,04-22991400,台中市北區漢口路三段101號
217189,陜西,04-22918766,台中市北區陜西路48號48之1號1樓
184302,富宇,04-24367450,台中市北屯區建和路二段273.275號
230779,成科,04-23162846,台中市西屯區成都路221、223號
988267,松豪,04-24214950,台中市北屯區四平路218號
254030,豐樂,04-24222105,台中市北屯區崇德路三段608號
950295,松強,04-22432398,台中市北屯區松安里崇德六路一段47號
924850,栗林,04-25387300,台中市潭子區祥和路169號171號
193155,順太,04-24369416,台中市北屯區太順路112號1樓
250245,上安,04-24528528,台中市西屯區至善路61號
967422,逢喜,04-27084476,台中市西屯區逢甲路247號
265410,逢福,04-27082309,台中市西屯區黎明路三段348號
273743,正勤,04-24524657,台中市西屯區黎明路三段539-3號.539-5號
276317,西苑,04-24528983,台中市西屯區福星路112號1樓
280947,西屯安星,04-24528290,台中市西屯區福星路301號1樓
957931,逢盛,04-27064895,台中市西屯區福星路330號華夏巷東一弄22號1樓
201977,逢華,04-24520145,台中市西屯區文華路10-7號
189307,新西屯,04-24522290,台中市西屯區西屯路二段281-3號281-4號
149114,逢大一,04-24527714,台中市西屯區文華路100號1樓
250418,文心,04-23138420,台中市西屯區文心路三段76號、78號
275392,精業,04-23191670,台中市西區精誠路41號之6之7
183550,壹盛,04-22855886,台中市南區忠孝路166號
230595,立和,04-22244209,台中市東區立德街47、49、51、53號
210937,富亦,04-23890475,台中市南屯區公益路二段939號1樓和龍富路四段552號1樓
234298,好時光,04-24521543,台中市西屯區光明路55-26號、55-27號1樓
281593,秋紅谷,04-22542731,台中市西屯區朝富路30號32號1樓
940483,金典,04-23265492,台中市西區健行路1046、1046-1、1046-2號1樓
120939,忠權,04-22061836,台中市北區忠明路426號1樓
263816,賴厝,04-22994792,台中市北區漢口路四段102號1樓.地下樓
199289,廣環,04-24524421,台中市西屯區環中路二段698號
902757,華生,04-23765931,台中市西區民生路517號
238946,向美,04-23016027,台中市西區美村路一段302之1號302之7號
216898,向興,04-23019017,台中市西區向上路一段95號
277549,大莊園,04-23019946,台中市西區向上路一段15號1樓
114152,鄉林夏都,04-23267921,台中市西區忠明南路117號1樓
214788,明義,04-23287885,台中市西區明義街6號
274506,美生,04-23275818,台中市西區美村路一段54號
110987,淡溝,04-22065373,台中市北區淡溝里民權路361號1樓
277697,昌旺,04-22474819,台中市北屯區昌平路二段12之16號
229779,北屯幸福讚,04-24211641,台中市北屯區崇德十六路218號
273813,昌進,04-23203647,台中市南屯區大進街387號1樓.大墩十二街151號1樓
201852,墩富,04-23207553,台中市南屯區大墩路572號
991975,青河,04-22362409,台中市北屯區青島路三段155號1樓
252610,國校,04-22336256,台中市北屯區國校巷16號
264934,昌平,04-22326743,台中市北屯區昌平路一段70號
235246,陽旭,04-22338842,台中市北屯區北屯路200巷1號及北屯路200-1號一樓、地下一層
217293,熊貓,04-24754550,台中市南屯區向上南路一段325號1樓
273488,墩陽,04-23205217,台中市南屯區大墩10街254號1樓
905527,權興,04-24717712,台中市南屯區五權西路二段62號
112639,美村,04-23762435,台中市西區美村路一段542號546號
265306,安龍,04-23752146,台中市西區五權路2-12號2-13號1樓
865384,新五廊,04-22240981,台中市西區民生路155號一樓
194826,新繼光,04-22220760,台中市中區繼光街64號一樓
211882,智復,04-22224776,台中市東區復興路四段210號1.2樓.地下層
923307,光園,04-22800510,台中市東區東光園路142號
971742,東泓,04-22809073,台中市東區東門里東門路140號
281397,新平智,04-22297551,台中市東區新庄里大智路49號
207333,鑫站一,04-35097362,台中市中區台灣大道一段1號2樓
217156,向勝,04-24723508,台中市西區東興路三段57號
950963,雅典,04-23787407,台中市南區三民西路377號西川一路1號
215286,無尾熊,04-22605412,台中市南區德富路73號75號1樓
195999,建丞,04-22859838,台中市南區建成路1683號1樓
254199,新學和,04-22856891,台中市南區學府路70號70-1號72號1樓
275370,大東家,04-22214273,台中市南區新榮里復興路三段138、140號
241241,新國光,04-22203755,台中市南區國光路82及84號;愛國街67及69號
216913,樂群,04-23714557,台中市西區林森路80號及樂群街81號1樓
234830,樂寶,04-22152674,台中市東區進德路600號
229654,日進,04-22019413,台中市西區梅川西路二段33號1樓
151302,興悅,04-23602265,台中市北區金華里進德北路160號162號
281043,潮貴,04-22517374,台中市西屯區朝馬路158號1樓
118497,中川,04-23127422,台中市西屯區台灣大道二段938號940號
201771,汶莊,04-22063620,台中市北區中清路一段102號1樓
127929,立夫,04-22070910,台中市北區邱厝里學士路95號１樓
231510,后探,04-24261779,台中市北屯區崇德十路二段361號
951069,丰瑞,04-24214855,台中市北屯區四民里四平路563號
863632,昌盛,04-24224542,台中市北屯區昌平路二段45號之8及45號之9
276177,松東,04-22463373,台中市北屯區松竹路三段125號
261038,崇尚,04-22411034,台中市北屯區崇德路二段450號1樓
893046,榮晉,04-25359250,台中市潭子區頭張路二段2號
275864,頭張,04-25351934,台中市潭子區家福里頭張路一段31號
209096,泉富,04-25343869,台中市潭子區中山路一段57號1樓
243007,北屯總富,04-24365432,台中市北屯區敦富路219號
282345,金興,04-23957220,台中市太平區新興路312號1樓
252768,鑫德,04-23954471,台中市太平區新興路85-1號
274665,育智,04-23958492,台中市太平區育賢路520號
229539,育見,04-23934176,台中市太平區育賢路321.323號
164582,新振興,04-22153224,台中市東區十甲東路217號
993708,精中,04-22798881,台中市太平區太平一街220號
283647,太平,04-22770941,台中市太平區中政里中興路171.173號
872957,樂業,04-22134683,台中市東區樂業路259號
164571,富麗,04-22123172,台中市東區十甲里十甲路397號
123248,樹廣,04-23955449,台中市太平區樹德路98-9號
196419,振福,04-23954989,台中市太平區振福路361巷6號1樓
284880,興昌,04-22435875,台中市北屯區興安路二段62號1樓
277413,松潭,04-24392157,台中市北屯區軍功路二段183號1樓
280682,盛民興,04-23926373,台中市太平區中山路二段366號、366-1號、368號1樓
254074,鑫佳慶,04-23919759,台中市太平區大源二街1號1F
280291,東村,04-23511075,台中市太平區東村路200號
274388,復慶,04-22638927,台中市南區樹義里大慶街二段5-2號
261636,南美,04-22650922,台中市南區南平路182號
912732,模範,04-23024571,台中市西區模範街34巷1號
962715,台麗,04-22060119,台中市西區五權路119號1樓、中山路493號1樓
234874,旅順路,04-22471927,台中市北屯區旅順路二段357、359號1樓
236179,景賢八,04-24362314,台中市北屯區景賢八路228號1樓
275406,健太,04-24367881,台中市北屯區太原路三段1138號
966175,中台禾豐,04-24390923,台中市北屯區太原路三段1505號
112190,寶慶,04-24529273,台中市西屯區逢甲里西屯路二段256巷8、10號1樓
252193,櫻花,04-23151726,台中市西屯區櫻花路111號
235017,櫻沐,04-23159618,台中市西屯區大河一巷三弄1號、3號1樓
111212,軍福,04-24376717,台中市北屯區軍功路一段500號
238430,市民,04-23020614,台中市西區公益路157號
110884,桂冠,04-23117162,台中市西屯區四川路120號1樓
229377,夏督,04-23168687,台中市西屯區寧夏路170號
874296,益民,04-24815624,台中市大里區東興里10鄰大明路238號
165035,新永大,04-24823074,台中市大里區大明路340號1樓
238614,內鑫,04-24835542,台中市大里區東昇里新仁路二段92號
240606,瑞城,04-24963006,台中市大里區瑞城一街1號
281102,康鑫,04-23304476,台中市霧峰區吉峰路153號
248806,中高鐵,04-36007820,台中市烏日區站區二路8號2樓
982351,鑫和睦,04-25625741,台中市神岡區神清路260號262號264號266號268號及福成路56-1號
154493,新禾,04-25632930,台中市神岡區和睦路一段363號
259301,清水綻,04-26201097,台中市清水區吳厝二街89號
910998,逢運,04-22984055,台中市北屯區雷中街95號
282253,福寶,04-22935012,台中市北屯區陳平路50號
977061,大鵬,04-22963912,台中市西屯區長安路二段125號
264750,鑫巴黎,04-22491770,台中市北屯區崇德路二段199號1樓
111485,熱陽,04-22425271,台中市北屯區熱河路二段217號
212302,春安,04-23897480,台中市南屯區嶺東南路165號
174903,精科,04-23807963,台中市南屯區嶺東路368號
232328,嶺春,04-23808491,台中市南屯區永春北路53號1樓
277310,嶺中,04-23806007,台中市南屯區永春南路58號
180964,嶺寶,04-23862931,台中市南屯區忠勇路23-12號1樓
260828,澤康,04-23811490,台中市南屯區五權西路二段412號1樓
182339,權旺,04-23806902,台中市南屯區五權西路二段812號
155038,鑫權勝,04-23801953,台中市南屯區五權西路二段882號
274975,碩豐,04-23894902,台中市南屯區萬和路一段30號
264381,豐春,04-24734980,台中市南屯區文心南路100號
182410,惠馨,04-24735180,台中市南屯區大墩南路332.336號
958831,墩南,04-24731595,台中市南屯區南屯路二段210、212號1樓
158624,大進,04-24759161,台中市南屯區五權西路二段185號
931294,新墩興,04-24712169,台中市南屯區東興路二段98號1樓
158288,吉龍,04-23754680,台中市西區吉龍里忠明南路410號1樓及五權七街200、202號1樓
187079,權美,04-23723672,台中市西區美村路一段736號
166337,豐河,04-23806215,台中市南屯區向上路二段376號
167868,惠中,04-22515764,台中市南屯區黎明路二段425號1樓
241296,豐采,04-22598297,台中市南屯區黎明路二段504、506、506-1號
131711,惠文,04-22546680,台中市南屯區河南路四段226號228號1樓
186685,瑞陽,04-22510797,台中市南屯區河南路四段442號446號1、2樓
980322,墩正,04-22510497,台中市南屯區溝墘里大墩十一街330號1樓
188924,隆恩,04-23103957,台中市西屯區大墩十八街116號1樓
265270,墩十九,04-23102205,台中市西屯區大墩19街186號
903255,墩隆,04-23273302,台中市西屯區大墩路966號1樓
874458,隆安,04-23271980,台中市西屯區大隆路56號1樓
148915,墩業,04-23275693,台中市南屯區大墩路717-5號
275048,海德堡,04-24759288,台中市南屯區向心南路928號930號
240891,黎明東,04-23810985,台中市南屯區黎明東街22號
249197,南屯,04-23891441,台中市南屯區南屯路二段570號
909149,萬文,04-23840027,台中市南屯區黎明路一段1033號
251547,鑫鑽,04-23860795,台中市南屯區文心南三路663號
212209,文豐,04-24738232,台中市南屯區文心南五路ㄧ段319號
273167,上楓樹,04-24702620,台中市南屯區中和里黎明路一段263號
234036,楓和,04-24795684,台中市南屯區楓樹里楓和路700-1號及楓樹西街292號1樓
188441,新樹孝,04-23910886,台中市太平區樹孝路48號50號1樓
280084,全利,04-23926723,台中市太平區樹孝路338號
231668,湧順,04-24367340,台中市北屯區樹孝路666號
207388,景大和,04-24364416,台中市北屯區景賢路191號
279659,米魯,04-23372938,台中市烏日區光華街1號
266376,吉宏,04-23387989,台中市烏日區九德里20鄰中華路593號
229012,興祥,04-23384983,台中市烏日區興祥街189號
165817,九德,04-23363783,台中市烏日區九德村中華路43.45.47號1樓
967569,新光德,04-23370951,台中市烏日區信義街162號1樓
229090,樹義,04-22632372,台中市南區福田三街156號1樓
136130,大時代,04-22609203,台中市南區工學路55號57號
196774,超贊,04-22607922,台中市南區高工路202號1樓
180632,環山,04-25802573,台中市和平區中興路三段64-5號.64-6號
253923,潭興,04-25392368,台中市潭子區豐興路一段591、593、595號1樓
278472,太舜,04-25364841,台中市潭子區潭興路二段350號1樓
131021,潭北,04-25360956,台中市潭子區福潭路645.647.649號
967709,甜園,04-25327349,台中市潭子區豐栗路9號
912606,矽品,04-25353262,台中市潭子區大豐路三段188號190號
944245,潭寶,04-25357382,台中市潭子區潭興路三段51號
280693,潭子勝利,04-25343275,台中市潭子區勝利路185號
180045,潭厝,04-25341014,台中市潭子區環中東路一段5號
120582,潭榮,04-25351431,台中市潭子區榮興街19號1樓21巷1號21巷3號1樓
234807,巨富,04-24364099,台中市北屯區敦富路807號1樓
282600,欣東雲,04-25871926,台中市東勢區第五橫街28號及三民街165號
239710,東展,04-25886569,台中市東勢區南平里豐勢路336號
249278,欣東勢,04-25887812,台中市東勢區上新里第一橫街153、155號1樓和三民街2號1樓
155603,粵西,04-25877305,台中市東勢區東坑路62號1樓
254661,鹿鼎,04-26628465,台中市沙鹿區台灣大道七段812號1樓
120179,港中,04-26564037,台中市梧棲區中央路一段666之28號
231440,文雅,04-26560624,台中市梧棲區文匯街66號
155153,吉得堡,04-26567304,台中市梧棲區中興路121號
228813,阿罩霧,04-23391542,台中市霧峰區中正路815號
810018,草湖,04-24927373,台中市大里區中興路一段11-6、11-7號1樓及東南路1號1樓
164995,峰資,04-23332547,台中市霧峰區樹仁路26號1樓
210627,大里杙,04-24066409,台中市大里區大里路510號
130811,台火,04-22600615,台中市南區高工路355號1樓
284433,永隆,04-24074438,台中市大里區大明路457號
182764,新榮,04-24062770,台中市大里區東榮路552號
275978,東里,04-24060269,台中市大里區大里路295號1樓
980207,新堤,04-22759206,台中市大里區立德里甲堤南路71號
275934,多田,04-22760520,台中市大里區立新街350號，立新二街5號
890704,立新,04-22798641,台中市大里區立仁路142號
275990,蘋果,04-24913426,台中市大里區善化路155號
241687,東園,04-23352449,台中市烏日區溪埧里溪南路一段413號
187080,元宏,04-23357738,台中市烏日區溪南路一段722號
189112,喀哩,04-23355202,台中市烏日區溪南路二段380號1樓
111544,向日葵,049-2354118,南投縣草屯鎮芬草路三段219-1號
277974,福元,049-2318808,南投縣草屯鎮中正路885號1樓
127538,國泰,049-2336243,南投縣草屯鎮中正路636號1樓及和興街93號1樓
187828,福新,049-2391643,南投縣草屯鎮虎山路495號497號
958691,佑民,049-2316868,南投縣草屯鎮太平路一段221號
151645,龍辰,049-2339252,南投縣南投市中學西路61號
233402,興中,049-2392514,南投縣南投市光明一路561號
894315,龍巳,049-2244777,南投縣南投市東山路408號
126764,祖祠,049-2244378,南投縣南投市祖祠路16-4號
283131,南投,049-2242363,南投縣南投市民族路289、291、293號中山街143號1.2樓
940092,詠旭,049-2207249,南投縣南投市彰南路一段1031-2號1樓
279279,宏旺,049-2245147,南投縣南投市復興路38號
126351,鑫永安,049-2566397,南投縣草屯鎮御史里登輝路558號
183332,京鑫,049-2565173,南投縣草屯鎮中正路483號
215529,京埔,049-2560546,南投縣草屯鎮南埔里中正路254-10號
913355,新國姓,049-2724347,南投縣國姓鄉國姓村中興路301號
155289,鑫潭,049-2910310,南投縣埔里鎮中山路四段97之1.97之2號
192646,育溪,049-2910592,南投縣埔里鎮安七街89-1號
196578,水社棧,049-2856458,南投縣魚池鄉中山路163號2樓
969037,伊達邵,049-2850593,南投縣魚池鄉日月村義勇街89號
188348,鑫魚池,049-2899633,南投縣魚池鄉魚池街799號
913229,中營,049-2370508,南投縣南投市中華路130號
193085,穀昌,049-2244085,南投縣名間鄉彰南路450號
931168,社寮,049-2624730,南投縣竹山鎮集山路一段2051號
111005,前山,049-2651842,南投縣竹山鎮集山路三段1089號
278151,和雅,049-2755979,南投縣鹿谷鄉廣興村中正一路225號
160144,集利,049-2764506,南投縣集集鎮吳厝里民生路65-1號
155588,新車埕,049-2772732,南投縣水里鄉車埕村民權巷110之1號
882079,龍寶,049-2778956,南投縣水里鄉民權路170號
113687,六合,049-2775480,南投縣水里鄉民生路175號1樓
981222,和社,049-2702941,南投縣信義鄉同和巷8號1樓
923765,見晴園,049-2803691,南投縣仁愛鄉大同村定遠新村路18-1號
972804,小瑞士,049-2803447,南投縣仁愛鄉定遠新村28號
265476,清境,049-2802718,南投縣仁愛鄉定遠新村26之1號
119098,源益,04-8962423,彰化縣二林鎮斗苑路四段720號
180171,欣二林,04-8965081,彰化縣二林鎮大成路一段236號
952350,鹿秀,04-7812400,彰化縣鹿港鎮鹿工路6號
217374,彰基,04-8968580,彰化縣二林鎮大成路一段571號
244066,挖子,04-8680533,彰化縣二林鎮二溪路七段271號
113816,金福興,04-7754941,彰化縣福興鄉員鹿路二段196號198號1樓
276395,福鹿,04-7774193,彰化縣福興鄉彰鹿路七段652.654號
971155,鹿正,04-7769640,彰化縣鹿港鎮中正路556號
190879,彰美,04-7569352,彰化縣和美鎮彰美路三段385號387號
138686,巨航,04-7987089,彰化縣伸港鄉新港村中興路一段355號
274399,伸冠,04-7987795,彰化縣伸港鄉大同村中興路二段316號
250968,線西,04-7589134,彰化縣線西鄉寓埔村沿海路一段892號
921161,東芳,04-7513705,彰化縣彰化市東芳里永芳路199號
120490,彰馬,04-7610492,彰化縣彰化市彰馬路246號之5
277550,鹿東,04-7784755,彰化縣福興鄉中正路224號
177050,崙北,04-7518161,彰化縣彰化市中央路232號234號
200055,兆溢,04-7518110,彰化縣彰化市崙美路246號
227669,欣兆陽,04-7513549,彰化縣彰化市向陽里崙平南路367號
993823,宇勝,04-7518778,彰化縣彰化市崙平里崙平北路22號
875369,彰和,04-7269723,彰化縣彰化市民族路163號
208451,諺東,04-7355273,彰化縣和美鎮彰美路二段臨236號
192716,糖友,04-7354150,彰化縣和美鎮中圍里彰新路三段臨368號
961941,秀工,04-7689373,彰化縣秀水鄉彰水路二段795-1號
278542,勝全,04-7636581,彰化縣彰化市林森路205號
194251,和冠,04-7553624,彰化縣和美鎮彰新路六段臨566號
166452,和新,04-7559878,彰化縣和美鎮彰新路五段臨396號
242004,鑫美,04-7558348,彰化縣和美鎮彰美路六段199號1樓.201號1樓
952062,和卿,04-7562670,彰化縣和美鎮和南里和卿路193號
971731,和鎮,04-7566069,彰化縣和美鎮和線路323號
202213,鳴人,04-7717824,彰化縣鹿港鎮鹿和路四段347號
243926,和美仁愛,04-7552247,彰化縣和美鎮仁壽路189號
122175,和峰,04-7560406,彰化縣和美鎮山犁里道周路6鄰279號1樓
991160,新勝利,04-7579421,彰化縣和美鎮鹿和路六段402之2號
261430,和東,04-7557118,彰化縣和美鎮愛德路27號
175102,和全,04-7550329,彰化縣和美鎮竹營里美寮路二段390號
132231,和美,04-7557704,彰化縣和美鎮和頭路189號1樓
144588,斗苑,04-8925951,彰化縣埤頭鄉斗苑東路588號
239097,埤頭,04-8928985,彰化縣埤頭鄉合興村彰水路三段5鄰537號1樓
200468,北圓,04-8874979,彰化縣北斗鎮中華路91.93號
206846,佳嘉,04-8875841,彰化縣北斗鎮七星里13鄰五權路臨176號
239190,火車頭,04-7221901,彰化縣彰化市長樂里中正路一段536號538號
239204,三民,04-7223446,彰化縣彰化市三民路341號
978525,附工,04-7290120,彰化縣彰化市工校街21號
121471,彰工,04-7284580,彰化縣彰化市復興里進德路11號13號1樓
931700,智富,04-7200758,彰化縣彰化市萬安里長順街170號
120320,彰泰,04-7281709,彰化縣彰化市安平街58號1樓
249315,彰泳,04-7364752,彰化縣彰化市永安街388號1樓
138468,彰強,04-7201342,彰化縣彰化市五權里自強南路80-11號1樓
126535,員埔,04-8294556,彰化縣埔心鄉員鹿路二段248.250號1樓
200170,辭修,04-7514450,彰化縣彰化市辭修路508號
126731,員東,04-8395201,彰化縣員林市三和里大同路一段8鄰238號
241849,令和,04-8366750,彰化縣員林市三和里3鄰員東路二段42號
249407,金川,04-7220483,彰化縣彰化市中正路二段611號
208347,薪永樂,04-7279759,彰化縣彰化市民族路494.496號
126742,新桃源,04-7287306,彰化縣彰化市卦山里公園路一段335號
112385,大陽,04-7114077,彰化縣彰化市延平里大埔路405號
236995,新大埔,04-7118047,彰化縣彰化市延平里大埔路540號542號
195597,金旺,04-7115081,彰化縣彰化市延平路536號
210258,員基,04-8398355,彰化縣員林市莒光路456號
150941,永靖,04-8242613,彰化縣永靖鄉永坡路2號
922511,美溪,04-8859275,彰化縣溪湖鎮大溪路二段451號
166289,向福,04-8858331,彰化縣溪湖鎮大溪路二段140號
279800,二溪,04-8813960,彰化縣溪湖鎮二溪路一段369號
931179,太子哈佛,04-7287276,彰化縣彰化市泰和中街72號
887177,民生,04-7278025,彰化縣彰化市華山路27號
993812,巨峰,04-7612461,彰化縣彰化市天祥路359號
237035,巨林,04-7111846,彰化縣彰化市中山路一段286號1樓
231244,喬富,04-7117846,彰化縣花壇鄉白沙村彰員路三段389號1樓
263403,長沙,04-7861109,彰化縣花壇鄉中正路130號1樓
241300,花壇,04-7870374,彰化縣花壇鄉中山路二段1、3、5號1樓
229078,金墩,04-7869034,彰化縣花壇鄉花壇村23鄰花南路臨558號1樓
180931,秀鑫,04-7684034,彰化縣秀水鄉番花路101號
196235,兆福,04-7386439,彰化縣彰化市一德南路2號、彰南路三段400號
138848,大竹,04-7388101,彰化縣彰化市大竹里彰南路二段181號
977371,田中,04-8748608,彰化縣田中鎮福安路144號146號
278690,田多,04-8747887,彰化縣田中鎮公館路205號
264163,三春,04-7875146,彰化縣花壇鄉彰員路一段臨551號
922898,新大村,04-8538047,彰化縣大村鄉中正西路331號1樓
997836,鎮安,04-8523639,彰化縣大村鄉大溪路7-4號1樓
196866,七六埔,04-8529416,彰化縣埔心鄉員埔路1192號
990835,新靜修,04-8394776,彰化縣員林市靜修路77號之4
120478,員農,04-8368446,彰化縣員林市萬年里員水路二段19鄰433號
143138,豐昌,04-8337162,彰化縣員林市永昌街86號1樓
909552,員家,04-8393359,彰化縣員林市中正路75號
280925,惠明,04-8348418,彰化縣員林市惠明街51號
210247,員宿,04-8368413,彰化縣員林市中山路一段756號
954459,新百川,04-8391980,彰化縣員林市莒光路379號
165459,芬園,049-2511565,彰化縣芬園鄉彰南路四段172號及光復路6號
255273,東禾,05-5266956,雲林縣古坑鄉東和村文化路145號
954297,新古坑,05-5827582,雲林縣古坑鄉中山路201號
990466,凱瑄,05-5962353,雲林縣斗南鎮西岐里大同路135號1樓
128254,欣怡,05-5960866,雲林縣斗南鎮南昌里中山路79號
128634,真嘉,05-5974106,雲林縣斗南鎮南昌西路1號
189226,朝天宮,05-7824873,雲林縣北港鎮東華里中山路150號
265292,斗六正心,05-5514845,雲林縣斗六市西平路362號
153766,保庄,05-5372683,雲林縣斗六市明德北路三段285號
238544,昕美,05-5334310,雲林縣斗六市民生路170號
896045,斗六,05-5347990,雲林縣斗六市大同路41號
830698,富盟,05-5336375,雲林縣斗六市文化路304號306號
253912,保長,05-5360729,雲林縣斗六市雲林路二段76號1樓
249153,二崙,05-5991711,雲林縣二崙鄉崙東村中山路一段269號
195461,羅威,05-6965430,雲林縣崙背鄉羅厝村東興路168-1號.168-2號
972505,崙中,05-6961671,雲林縣崙背鄉南陽村中山路489號
261555,大屯,05-6652107,雲林縣虎尾鎮西屯里大屯349號
278162,樹子腳,05-5843521,雲林縣莿桐鄉和平路28號
242613,高南,05-6320068,雲林縣虎尾鎮科園路180號
131858,宇宸,05-6320634,雲林縣虎尾鎮清雲路770號
110611,富來,05-5874084,雲林縣西螺鎮新豐里13鄰新社320-8號
943747,和心,05-5866552,雲林縣西螺鎮河南里埔心路113-3號
872522,興平,05-5870936,雲林縣西螺鎮中興里延平路418號420號
998080,七崁,05-5878541,雲林縣西螺鎮建興路163號1樓
967525,新林內,05-5899113,雲林縣林內鄉中正路373號375號
185475,成苑,05-5339622,雲林縣斗六市莊敬路345號
275587,鎮南,05-5360905,雲林縣斗六市鎮南路301號
280350,坤麟,05-5339597,雲林縣斗六市社口里大學路二段579號
283739,永欣,05-5517759,雲林縣斗六市斗六三路6號
971096,晟業,05-5518278,雲林縣斗六市萬年路592號
112558,夏恩,05-6330135,雲林縣虎尾鎮立仁里復興路137號
199142,工專,05-6333495,雲林縣虎尾鎮中正路307號
110297,油車,05-5981135,雲林縣二崙鄉油車村文化路9號1樓
284189,嘉府,05-2745579,嘉義市東區民權路194號196號198號
249326,義東,05-2760974,嘉義市東區東義路85號
187965,立宣,05-2254565,嘉義市東區立仁路120號
844882,彌陀,05-2285187,嘉義市東區芳安路1號1F
909323,嘉工,05-2745575,嘉義市東區彌陀路240號
260781,台林,05-2780939,嘉義市東區新生路723號
981107,新港坪,05-2837015,嘉義市西區玉山路203號
967318,博元,05-2353893,嘉義市西區博愛路二段572號
206732,新嘉友,05-2910813,嘉義市西區福全里友愛路222.222-1號
196202,國華,05-2273545,嘉義市西區國華里國華街283號1樓.2樓
260770,光彩,05-2221535,嘉義市西區民生北路182號184號1樓
261234,鈺順,05-2226313,嘉義市西區新榮路35巷20號1樓
209915,嘉愛,05-2275893,嘉義市西區仁愛路212號
923020,嘉賓,05-2833800,嘉義市西區新西里垂楊路611號
252023,新車店,05-2837702,嘉義市西區福民里南京路462號1樓、2樓
278416,圓環,05-2291759,嘉義市西區北杏里文化路155之2號1樓
165965,年代,05-2307305,嘉義縣中埔鄉中華路863號
120951,布袋,05-3470775,嘉義縣布袋鎮興中里14鄰上海路177號
210203,故宮,05-3622547,嘉義縣太保市東勢里故宮大道779號1樓
972701,新冠林,05-2658971,嘉義縣大林鎮新興街113號
951265,保祥,05-3628476,嘉義縣太保市祥和三路東段226號
944005,祥壹,05-3628365,嘉義縣太保市祥和一路東段29號
248921,嘉鐵,05-3101338,嘉義縣太保市高鐵西路168號1樓
124573,頂六,05-2397083,嘉義縣中埔鄉金蘭村頂山門41-2號1樓
239053,巃頭,05-2586076,嘉義縣番路鄉公田村龍頭18號
944016,奮起湖,05-2562652,嘉義縣竹崎鄉中和村12鄰奮起湖178-1號
997995,瓏埔,06-2023184,台南市永康區龍埔街108號
922821,永大春,06-2011976,台南市永康區中山北路431號
180425,南應大,06-2437495,台南市永康區鹽行里中正七街27.29號1樓
967673,桂田,06-2425413,台南市永康區鹽行里新行街251號一樓
262042,育德,06-2502040,台南市北區民德路87號
210144,長源,06-2086192,台南市北區長榮路四段181號
227717,煒達,06-2519945,台南市北區育德路491號1.2樓
250441,德緯,06-2525864,台南市北區成德里育德二路20鄰308號
116734,鄭子寮,06-2526031,台南市北區成德里38鄰北成路442號
276018,海安,06-2518805,台南市北區海安路三段716號
165149,小北,06-2810537,台南市北區西門路四段455號
822169,公園,06-2813005,台南市北區公園路1072-1號2號3號
217101,環安,06-3571959,台南市安南區長和路二段12巷272號
780827,和順,06-3565013,台南市安南區安和路五段166號
188164,安昌,06-3568205,台南市安南區塭南里安昌街101號
965057,長溪,06-2568719,台南市安南區安慶里長溪路一段307號
208543,安西,06-2477315,台南市安南區安中路一段136號
988223,新郡安,06-2512571,台南市安南區溪北里安和路一段105號1樓
923868,安新,06-2457294,台南市安南區長溪路三段399號1樓
845597,安中,06-2473285,台南市安南區安中路一段711號
121035,安北,06-2474698,台南市安南區安中路一段546號552號
179986,安同,06-2461351,台南市安南區同安路235號
921518,逢安,06-2550832,台南市安南區海西里海中街73號
281261,祥安,06-2556812,台南市安南區大安街58.60.62.64號1樓
262857,新同安,06-2461306,台南市安南區理想里海佃路二段432號
883898,本原,06-2464793,台南市安南區海佃路四段2號
195243,聖安,06-2574626,台南市安南區安中路六段850號1樓
236869,城中,06-2570930,台南市安南區安中路六段599號、601號1樓
283991,安立,06-2473773,台南市安南區安中路四段150號
252986,新本安,06-2550963,台南市安南區淵東里安中路三段360號1樓
248828,聯電,06-5057638,台南市新市區南科三路57號
153755,P7廠,06-5057202,台南市善化區南關里三抱竹路1號
167020,P1廠,06-5057528,台南市善化區南科北路1之1號1樓
112422,晶圓,06-5056103,台南市善化區南科北路1-1號(P3廠)
133016,新P5,06-5055694,台南市善化區南科九路17號(P5P6廠O棟)
202051,18廠B,06-5052109,台南市安定區蘇林里北園二路8號
193616,F18,06-5058633,台南市安定區北園二路8號1樓
208200,F18B,06-5058857,台南市安定區北園二路8號1樓
214847,南站,06-3663985,台南市仁德區中洲村中洲路1巷220號1樓
197294,北站,06-2780853,台南市仁德區中洲村中洲路1巷200號1樓
169875,好巧,06-3027920,台南市永康區安康里中華西街152號
162014,新康華,06-3036846,台南市永康區大橋二街38號
131113,東橋,06-3020234,台南市永康區東橋一路28號
216843,橋鈺,06-3027215,台南市永康區東橋七路369號1樓
263665,新真愛,06-3029367,台南市永康區東橋六街208號1樓
276926,恆豪,06-2432661,台南市永康區中正南路432號1樓
228352,永康綠海,06-3020436,台南市永康區東橋里東橋5路218號
151597,長益,06-2052285,台南市仁德區土庫里太子路233號
211365,凱旋,06-2089413,台南市東區怡東路111號1樓
273639,席悅,06-2004432,台南市東區東光里東興路41號1樓
199131,東和,06-2087403,台南市東區東安路291號293號1樓
190813,小東,06-2341994,台南市東區小東路256號1樓
980838,新雙新,06-5892146,台南市新市區永就里中山路227號1樓
199027,新市,06-5896124,台南市新市區華興街48號1樓
941936,高長,06-5012170,台南市新市區新和里仁愛街169號171號
970266,新凱,06-5898774,台南市新市區社內里12之5號
241230,新新善,06-5014359,台南市新市區復興路59號61號63號一樓
236412,永佳,06-5897463,台南市新市區復興路173.175號
181277,三舍,06-5894091,台南市新市區三舍里三舍55號
193867,陽光城,06-5851514,台南市善化區蓮潭里9鄰陽光大道198號1樓
990075,東科,06-5055155,台南市新市區三舍里大順三路125號1樓
993384,樹谷,06-5895647,台南市新市區中心路2號1樓
971465,善營,06-5856032,台南市善化區小新里成功路173之1號
182502,新安發,06-5975449,台南市安定區安加里安定407號
239880,港達,06-5935442,台南市安定區港口里245-10號1樓
971487,新吉,06-5937776,台南市安定區新吉里新吉126之12_126之13號
193199,喬興,06-7957103,台南市西港區慶安里新興街8-77.8-78號
279497,新麻豆,06-5717493,台南市麻豆區榖興里11鄰中山路11號
193432,黎營,06-5710322,台南市麻豆區井東里磚子井141-21號1樓
965600,麻中,06-5719834,台南市麻豆區南勢里南勢36-205號
968263,新曾文,06-5714049,台南市麻豆區東角里興中路177號179號
153744,學甲,06-7835596,台南市學甲區仁得里華宗路321號
122131,佳文,06-7238343,台南市佳里區佳西路215號1樓
791241,佳里,06-7233631,台南市佳里區光復路197號197-1號
112525,新北中,06-7225387,台南市佳里區延平路195號
970358,麻學,06-5704806,台南市麻豆區大山里8鄰大山腳1之80號
881308,超順,06-7831793,台南市學甲區中正路143號
182546,辰佳,06-2059664,台南市永康區永大路二段11號
194343,裕孝,06-3318916,台南市東區裕農路888號1樓
965264,裕平,06-3318240,台南市東區關聖里裕信路177號1樓
238153,裕信,06-3316406,台南市東區裕信路352號
194608,華立,06-2796146,台南市仁德區仁義里中清路208號
215404,富裕,06-2091395,台南市東區後甲里裕農路657號1樓
198600,崇學,06-2604847,台南市東區崇善路168號
252894,崇華,06-2601426,台南市東區崇善路259號1樓
282460,崇祐,06-2902815,台南市東區崇成里崇明路561號1樓
254351,崇道,06-2894813,台南市東區崇善路569、571號
188991,鼎亨,06-2908425,台南市東區德東街101號
280198,竹篙厝,06-2677562,台南市東區仁和路126號1樓
851064,伍誼,06-2399459,台南市歸仁區復興路162之1號
209948,東利,06-2304109,台南市歸仁區南保里文化街三段47號1樓
187231,仁興,06-2395784,台南市歸仁區南保里大德路307號
880811,騰揮,06-2300846,台南市歸仁區中正南路一段110號
212140,紅瓦厝,06-2303294,台南市歸仁區大成路211號1樓
183734,立青,06-2391997,台南市歸仁區南保里民權南路108號
198921,鼎鑫,06-5966828,台南市關廟區中山路二段27號1樓
971018,關聖,06-5957447,台南市關廟區南雄路一段471號
275808,蜜寶,06-5950478,台南市關廟區香洋里中山路一段203號1樓
262983,鼎富,06-5965999,台南市關廟區南花里中正路881號
966061,車讚,06-5954561,台南市關廟區北花里中正路517號
194745,奇佳,06-5907294,台南市新化區信義路373號1樓
242060,佳利,06-5901180,台南市新化區中山路332號
910334,清新,06-5800790,台南市新化區武安里中正路321號
214490,新興運,06-5800340,台南市新化區護國里中山路211號
243100,新玉,06-5984549,台南市新化區忠孝路10號
278645,新大內,06-5763553,台南市大內區石城里石子瀨122之153號
183181,南化,06-5775209,台南市南化區南化里128號1樓
282518,新玉馥,06-5748078,台南市玉井區玉田里中山路97號1樓
167798,趣淘,06-5754886,台南市楠西區密枝里密枝102之5號1樓
233310,東山站,06-6235384,台南市東山區科里里枋子林74-6號
114532,白河,06-6859907,台南市白河區永安里17鄰國泰路101號
860688,立人,06-2205089,台南市北區和順里西門路三段81號1樓、西門路三段47巷12號1樓
265362,台南民族,06-2230803,台南市中西區公正里民族路二段53號
865535,北門,06-2292308,台南市東區北門路一段310號、312號
129213,南醫,06-2263238,台南市中西區民族路二段76號之13
165677,赤崁,06-2214411,台南市中西區民族路二段331號
123156,水仙宮,06-2217930,台南市中西區水仙里民權路三段87號1樓
192783,唯勝,06-2214369,台南市中西區民權路三段150號一樓
990905,康樂,06-2228184,台南市中西區安海里康樂街223號1樓
990042,新海成,06-2281334,台南市北區海安路三段2號1樓
962863,卓易,06-2805492,台南市北區大豐里27鄰中華北路一段143號
262293,湖華,06-2507460,台南市中西區西湖街3號
280305,頂美,06-2595480,台南市中西區西和路1號3號
210074,光賢,06-3582059,台南市中西區中華西路二段600號600-1號1.2樓
229447,青青,06-3582884,台南市北區和緯路五段278號1樓
280372,安運,06-3504407,台南市安平區平安里華平路742號1樓
274355,永華東,06-2984141,台南市安平區永華路二段210號
242901,Fresh湖美,06-3588401,台南市中西區和緯路五段55號
182362,永成,06-2623463,台南市南區佛壇里明興路1322號1樓
236456,三聖,06-2627396,台南市南區興南街149號1樓
143389,期建,06-2952650,台南市安平區文平里建平路277號
968104,華平,06-2939147,台南市安平區健康路三段242號
233011,Fresh亞萬,06-2955449,台南市安平區永華路二段812號1樓
187253,郡豐,06-2936349,台南市安平區郡平路307號
981602,豐平,06-2999400,台南市安平區平豐路430號1樓
257822,大員,06-3912022,台南市安平區安北路420號422號壹樓貳樓部分
164766,忠勇,06-3121548,台南市永康區成功里小東路4鄰637號1樓
275738,華勇,06-3125434,台南市永康區華興街122號1、2樓
143884,臻鈺,06-3123073,台南市永康區勝利里18鄰勝學路226號
950273,好富,06-2353005,台南市東區富強里裕農路320號
947912,祥發,06-2386965,台南市東區裕豐街187號189號191號1樓
282677,東龍,06-2008630,台南市東區東門路一段362號
232052,盛馨,06-2084002,台南市東區府連路351號1樓.353號1樓
276937,長寧,06-2363597,台南市東區長榮路三段12號
967581,保華,06-3369571,台南市仁德區成功里崇德路88號
985822,國民,06-2603696,台南市南區國民路152號1樓
274816,少觀,06-2134175,台南市南區大林路113號
111809,榮譽,06-2677923,台南市東區榮譽街86號86-1號1樓
251721,崇明,06-2678084,台南市東區林森路一段184號
252012,郡王,06-2204652,台南市中西區府前路一段144號
251743,開山,06-2144197,台南市中西區開山路245號1樓
249739,欣大林,06-2148359,台南市南區大同路二段136巷3號1樓
136598,南門城,06-2147717,台南市中西區南門路229號1樓
252366,天公,06-2213646,台南市中西區忠義路二段109號
189019,永福,06-2214463,台南市中西區永福路二段65號1樓
230458,明倫,06-2233352,台南市中西區金華路三段88號1.2樓
194929,金昇,06-2632231,台南市南區金華路二段341號
233952,夏林,06-2234688,台南市南區健康路二段114號1樓、地下室1樓
253510,文南,06-2635645,台南市南區健康路二段268-1、270號
273455,夏興,06-2643438,台南市南區夏林路258號1樓
195014,上鈺,06-2631080,台南市南區大成路一段128號1樓
283371,國宅,06-2917993,台南市南區新興路441號443號
212254,土定里,06-2631652,台南市南區永成路三段319號1樓
968780,鯤鯓,06-2648213,台南市南區南都里鯤鯓路20號
202394,奇美博,06-2664455,台南市仁德區文華路二段66號
255653,Fresh首府,06-2632445,台南市南區開南里新和東路138號1樓
951966,仁伯,06-2491560,台南市仁德區後壁里德安路188號
212346,德欽,06-2792441,台南市仁德區後壁里德南路3鄰92號
179768,大瑩,06-2667425,台南市仁德區二行里中正西路347號1樓
950538,文安,06-2667371,台南市仁德區文賢路一段576號
264406,柳營,06-6223592,台南市柳營區士林里柳營路二段1號3號
970255,欣奇,06-6328038,台南市新營區新東里東興路236號
179573,代天府,06-7864826,台南市北門區鯤江里976號
116181,灣中,06-2720510,台南市永康區大灣路62號
892179,鈺華,06-2058076,台南市永康區崑南里37鄰大仁街220號
993351,雙永,06-2031437,台南市永康區永大一路60號1樓
902159,詠文,06-2042598,台南市永康區網寮里6鄰永二街202號
153777,永玉,06-2013336,台南市永康區龍潭里永明街175號
928829,埔園,06-2042274,台南市永康區中山路90號
893792,永復,06-3128173,台南市永康區復華里復華一街2號
252458,鑫永康,06-3026315,台南市永康區中華路617-1號
186216,永勝,06-2362091,台南市永康區六合里中華二路320號1樓
229285,永臻,06-3023473,台南市永康區中山東路59號
257143,7Fresh康橋,06-3024900,台南市永康區東橋八街96號
242222,路金,07-6966755,高雄市路竹區金平路418-1號
282965,路科,07-6075828,高雄市路竹區社南里大社路42號42之1號46號1樓
254018,路好,07-6964450,高雄市路竹區大社路162號
932172,路園,07-6952504,高雄市路竹區下坑里太平路342-2號
911108,新林眾,07-6624077,高雄市旗山區延平一路78-1號
993177,永久,07-6622531,高雄市旗山區延平一路446號1樓
278346,旗山,07-6615807,高雄市旗山區中山路72號
279154,華社,07-3520146,高雄市大社區中華路16-66號1.2樓
254498,赤山,07-3747424,高雄市仁武區仁孝路368號1樓
243487,仁武勇全,07-3739249,高雄市仁武區勇全路111號1樓
275842,仁慈,07-7353499,高雄市仁武區仁慈里仁慈路169號1樓
183549,群創八,07-6955604,高雄市路竹區路科十路11號1樓
253059,彌安,07-6197931,高雄市彌陀區文安路1-1號1樓1-2號1樓
253048,彌盛,07-6106141,高雄市彌陀區中正路246號
967503,正港,07-6106594,高雄市梓官區智蚵里中正路186號
968458,赤東,07-6101134,高雄市梓官區赤東里赤崁南路95號95-1號1F
952822,仁馨,07-6100625,高雄市梓官區梓義里中崙路287號
192565,維仁,07-6215356,高雄市岡山區維仁路79號
228374,滿分,07-3819343,高雄市三民區本安里黃興路339號
932965,新統興,07-3835941,高雄市三民區黃興路151號
284042,清華,07-3927564,高雄市三民區義華路92號
996589,海新,07-7659203,高雄市鳳山區國隆里新富路590巷13號15號
251259,鳳新,07-7675107,高雄市鳳山區新康街241號243號245號1樓
228536,超全,07-7675762,高雄市鳳山區海洋一路31號1樓
275532,大強,07-7659211,高雄市鳳山區新強里大明路193號
902425,鳳東,07-7199560,高雄市鳳山區和德里中山路63號
280338,甲圍,07-6130787,高雄市橋頭區甲北里甲圍路71號
275691,萬達,07-6110460,高雄市橋頭區經武路60號1樓2樓
914347,興達,07-6908629,高雄市茄萣區茄萣路一段350號
174235,華中,07-6969279,高雄市路竹區竹南里中華路124號
990097,新上緯,07-6231481,高雄市岡山區嘉興里嘉興路340號
122625,仁富,07-6213744,高雄市岡山區大仁路138號
263207,竹圍東,07-6214901,高雄市岡山區竹圍東街93號1樓
111739,勵志,07-6295142,高雄市岡山區筧橋路12號16號1樓
278380,新成功,07-6213534,高雄市岡山區台上里成功路82號1樓
127376,八卦寮,07-3724588,高雄市仁武區大灣里八德南路497號499號1樓
249256,尚讚,07-3748294,高雄市仁武區仁雄路97-3號1樓
153906,尚賀,07-3748241,高雄市仁武區赤山里仁雄路87號1樓
267092,仁林,07-3743481,高雄市仁武區仁林路204號
256726,京中,07-3743543,高雄市仁武區京富路155號
281401,京富,07-3732953,高雄市仁武區八卦里八德南路382號1樓
280763,登發,07-3739703,高雄市仁武區八卦里八德南路65號
982694,三福,07-3751295,高雄市仁武區仁武里中正路175號1樓
131582,仁樂,07-3711110,高雄市仁武區仁武里仁和街36號
153858,京明,07-7260457,高雄市前鎮區瑞北路54號1樓及B1
263193,來家,07-7224077,高雄市鳳山區新強里崗山北街36號38號1樓
278553,憲政,07-2236272,高雄市苓雅區憲政路266號1樓2樓，264號1樓
278276,尚義,07-2236482,高雄市新興區中正二路218號1樓
238452,新球庭,07-2414062,高雄市新興區林森一路162號
260839,合莊,07-2854332,高雄市新興區六合二路37號
279604,正達,07-2236459,高雄市新興區中正三路45號1樓
279637,達仁,07-3222813,高雄市三民區吉林街68號
855239,嫩江,07-3117581,高雄市三民區嫩江街101號1樓喜峰街134號
895880,新立寧,07-3130332,高雄市三民區自立一路287號289號291號1樓
259633,文武,07-2166193,高雄市前金區七賢二路203號1樓
121965,客宭,07-5211715,高雄市鹽埕區建國四路312號
210410,光化,07-5316841,高雄市鼓山區鼓山二路33號
262905,哨臨,07-5310489,高雄市鼓山區臨海二路52號1樓52-1號1樓
171018,鑫漢王,07-5215375,高雄市鹽埕區港都里五福四路265號1樓
275266,重義,07-5218483,高雄市鹽埕區五福四路83號
279143,愛河,07-2414252,高雄市前金區博孝里河東路8號1樓
282493,坎城,07-3116563,高雄市三民區十全一路183號
236098,青興,07-3220993,高雄市三民區熱河一街131號133號遼寧一街144巷20號
261669,前金,07-2419355,高雄市前金區自強二路172號
249223,新盛,07-2871936,高雄市前金區草江里七賢二路193號193-1號193-2號1樓
255077,復橫,07-2268701,高雄市新興區復興一路28號30號32號1樓
262411,新三華,07-2368423,高雄市新興區中東里復興一路72號1樓
241388,鼎強,07-3494114,高雄市三民區鼎金後路432號1樓
154792,榮總一,07-3489676,高雄市左營區大中一路386號
184900,文慈,07-3478545,高雄市左營區福山里重愛路63號65號67號1樓
211000,文恩,07-3494916,高雄市左營區福山里自由四路496號
252779,重福,07-3456846,高雄市左營區重愛路215號
952969,重和,07-3453508,高雄市左營區福山里自由四路171號
263986,信科,07-3504964,高雄市左營區重信路601號
129039,速鐵,07-9605706,高雄市左營區高鐵路105號2樓
129017,高高鐵,07-8629981,高雄市左營區菜公里高鐵路105號(高鐵高雄車站地上第二樓層)
201542,彩虹市集,07-3507294,高雄市左營區菜公里高鐵路115號1樓
213822,左運,07-5885443,高雄市左營區高鐵路107號B1
242657,福高,07-3504475,高雄市左營區文府路363之1號
186618,重信,07-3454317,高雄市左營區文川路195號.重建路2號
177108,重惠,07-3457904,高雄市左營區福山里華夏路1152號1樓
261511,文萊,07-3452736,高雄市左營區孟子路632號一樓
892135,華崇,07-3414988,高雄市左營區華夏路672號
963349,政德,07-3451959,高雄市左營區政德路130號132號1F
229562,鑫巨蛋,07-3415972,高雄市左營區至真路305號1樓2樓
164423,德昌,07-3460165,高雄市左營區菜公里文自路236號238號
278922,重化,07-3452488,高雄市左營區文自路339號1樓
197939,星展,07-3494070,高雄市三民區天祥一路88號
854971,鼎力,07-3494282,高雄市三民區天祥一路124號
922496,明仁,07-3438496,高雄市三民區鼎泰里明仁路8號
250142,河堤,07-3410500,高雄市三民區鼎泰里河堤路510號
179735,鼎上,07-3494150,高雄市三民區鼎中路160號1樓
248976,新鼎祥,07-3453114,高雄市三民區鼎泰里民族一路543巷25號1樓
239709,鼎瑞,07-3430546,高雄市三民區鼎泰里裕誠路56號
261393,安華,07-5564671,高雄市左營區明華一路126號
185512,立文,07-5509725,高雄市左營區新上里立文路77號1樓
211664,享順,07-5522439,高雄市鼓山區明華路335號337號
281939,富農,07-5224661,高雄市鼓山區南屏路857號
210959,龍順,07-5523961,高雄市鼓山區龍德路87號
249304,理馨,07-3506417,高雄市三民區明吉路9號
278287,竹中,07-7222801,高雄市前鎮區和平二路242號1樓
130545,青雅,07-2233056,高雄市苓雅區青年一路6之8及6之9號
261201,文化,07-2234405,高雄市苓雅區五福一路77號1樓
283382,興村,07-2829812,高雄市新興區五福二路92號
279316,崛星,07-2819071,高雄市新興區五福二路209.211號
253864,寶成,07-2822363,高雄市新興區青年一路220號
258504,慶華,07-3381564,高雄市前鎮區光華二路393號1樓
275794,新楠梓,07-3524954,高雄市楠梓區中陽里楠梓新路188號188-1號1樓
167547,欣清心,07-3533490,高雄市楠梓區清豐二路16號
207654,高昌,07-3539441,高雄市楠梓區創新路615號
229540,清楠,07-3535984,高雄市楠梓區土庫三路25號1號
198002,德民,07-3010218,高雄市楠梓區海專路400號
202165,協和,07-7102783,高雄市鳳山區自由路229號2樓231號1樓2樓
281319,鳳和,07-7990060,高雄市鳳山區中和里自由路202號204號206號
278793,俊瑋,07-7410481,高雄市鳳山區忠義里光復路一段193號
233871,均文化,07-7904351,高雄市鳳山區文華里文化路73號
854443,中東,07-7439740,高雄市鳳山區中山東路88號1樓仁愛路65號1樓
262846,瑞順,07-7194697,高雄市鳳山區瑞興路216號1樓
185752,博瑞,07-7458935,高雄市鳳山區瑞興里博愛路221號223號
279693,科工館,07-3809114,高雄市三民區安發里平等路91號93號
953869,牛潮埔,07-7356353,高雄市鳳山區鎮北里鳳北路60之17號
275912,工協,07-7020916,高雄市鳳山區埤頂里建國路一段79號1樓
252931,銀川,07-5313970,高雄市鼓山區鼓山三路8-25號1樓
237884,海青,07-5219140,高雄市鼓山區青海路641號1樓
238005,藏美,07-5219533,高雄市鼓山區光榮里西藏街6號1樓
277882,美藝,07-5529812,高雄市鼓山區龍水里美術東二路103號1樓
276878,誠美,07-5525694,高雄市鼓山區龍子里裕誠路2080號
257925,Fresh愿橋,07-3100940,高雄市仁武區高楠里霞海路378號
159007,孟新,07-3483129,高雄市左營區自由三路292號
186397,新本館,07-3924430,高雄市三民區大裕路119號
932976,鼎新,07-3104545,高雄市三民區鼎新路82號86號88號1樓
283681,百事達,07-5854682,高雄市左營區左營大路155號
238164,新海勝,07-5882879,高雄市左營區翠華路601巷122號126號
238810,美南,07-5225456,高雄市鼓山區龍水二路1.3號
273260,美武,07-5522647,高雄市鼓山區美術南二路137號
182904,人田,07-5524392,高雄市鼓山區美術東二路7號
277723,美朵,07-5224841,高雄市鼓山區美術東四路132號136號1樓
166924,美賢,07-5224914,高雄市鼓山區美術東四路430號
273271,高美,07-5224427,高雄市鼓山區龍水里美術東二路181號
233505,馬卡龍,07-5869614,高雄市鼓山區馬卡道路353號
231152,福賜,07-5525473,高雄市鼓山區美明路88號
253738,南屏,07-5524582,高雄市左營區新下里華夏路256號
177555,順德,07-5538510,高雄市鼓山區龍子里大順一路860號1樓
229300,連興,07-3229400,高雄市三民區大連街336號1樓
254166,後驛,07-3228514,高雄市三民區安和里察哈爾一街148號1樓
243258,吉江,07-3229453,高雄市三民區合江街39號1樓
115904,元隆,07-3983369,高雄市三民區正興里建元路58號1樓
970761,沅興,07-3828237,高雄市三民區正興里正興路121號123號
242750,興安泰,07-3228221,高雄市三民區重慶街238號
892375,鼎復,07-3848597,高雄市三民區鼎山街566-3號
233996,應昇,07-3951261,高雄市三民區應昇路42號
862190,安冠,07-3953487,高雄市三民區莊敬路289號
281836,豐大,07-3834185,高雄市三民區大昌一路211號
280626,灣勝,07-3955648,高雄市三民區新民路101號103號105號
282057,大義,07-3870742,高雄市三民區大昌二路123號123-1號
148063,春陽,07-3810323,高雄市三民區寶珠里正忠路246號
281135,大德,07-3959257,高雄市三民區寶玉里大豐二路348號350號352號
242336,三民鼎昌,07-3924764,高雄市三民區鼎山街576之1號
243720,三民陽豐,07-3924794,高雄市三民區大豐二路457號
131478,惠民,07-3643954,高雄市楠梓區翠屏里惠民路88號1樓
253749,惠豐,07-3601727,高雄市楠梓區壽豐路517號519號521號
250212,藍田,07-3647132,高雄市楠梓區藍昌路379號1樓
249131,晉學,07-3641146,高雄市楠梓區大學西路815.817號
276373,援中,07-3648149,高雄市楠梓區藍田路1185號
230241,勁援,07-3644589,高雄市楠梓區中興里大學西路62號大學二街102號
281629,興泰,07-3647540,高雄市楠梓區德民路1208號
900197,歐士盟,07-3644743,高雄市楠梓區右昌街619號
913067,廣昌,07-3608353,高雄市楠梓區廣昌里廣昌街140號
235394,艾文,07-6414848,高雄市林園區東林西路99號101號全部
238751,鳳明,07-7879642,高雄市大寮區新厝里鳳林二路160號
982502,欣福誠,07-7684187,高雄市鳳山區五福里五甲三路75號77號1樓
198390,甲誠,07-8310712,高雄市鳳山區三誠路76.78.80號
916402,達家,07-8132874,高雄市前鎮區草衙里草衙二路407號409號411號1樓
253406,南衙,07-8318416,高雄市前鎮區南衙路47號
174361,園中,07-6437338,高雄市林園區中門里中門路15-1號
240880,仁忠,07-6414480,高雄市林園區仁愛路129.131.133號
280006,富田,07-6411294,高雄市林園區林園北路477號1樓
233697,金昭,07-6416607,高雄市林園區林內路119號
143600,新衙,07-8218714,高雄市前鎮區草衙一路41號43號
239189,旗津,07-5719252,高雄市旗津區海岸路9號
132873,康德,07-8413825,高雄市前鎮區鎮興路8號1樓
290210,夢時代二,07-8417102,高雄市前鎮區興邦里中華五路789號7樓
981093,新光和,07-5367297,高雄市前鎮區鄭和南路307號309號
238256,長權,07-3318790,高雄市前鎮區民權二路380號1樓
281168,中仁,07-3387403,高雄市苓雅區興中二路38號1樓
263610,文漾,07-2815281,高雄市新興區文橫二路164-1號.164-2號
162667,長生,07-2610818,高雄市前金區五福三路54號
265513,文東,07-2169478,高雄市前金區新田路226號228號
114602,港后,07-8417962,高雄市小港區平和路156號
230584,新豐,07-8070793,高雄市小港區學府路50號
930660,宏華,07-8069912,高雄市小港區漢民路829號831號1樓
261108,孔鳳,07-7917717,高雄市小港區孔宅里高鳳路332號
208303,高鳳儀,07-7920559,高雄市鳳山區頂庄路209號
231657,保成,07-7924350,高雄市鳳山區南成里和成路350號
275141,心日,07-8152321,高雄市前鎮區忠誠路213號
135746,新保泰,07-7684815,高雄市鳳山區鎮南里龍成路242-1號
238887,正心,07-7224176,高雄市苓雅區正大里輔仁路145號1樓
273466,亞新灣,07-5362832,高雄市前鎮區林森四路255號
229919,總圖,07-3341787,高雄市前鎮區中華五路1421號
208336,克強,07-2691836,高雄市苓雅區自強三路156號
277594,自強,07-2515634,高雄市前金區自強二路39號
249555,龍客,07-2158324,高雄市前金區大同二路1號
279132,美麗島,07-2361722,高雄市新興區中山一路115號(美麗島站內)
872005,山頂,07-7837610,高雄市大寮區內厝路219號
183387,正發,07-7838472,高雄市大寮區會社里鳳林三路421號
280143,華秀,07-8071543,高雄市小港區山明路1之36號
235785,觀雲,07-8415765,高雄市小港區港平路29號
144898,天后,07-8126049,高雄市前鎮區后平路87號1樓
992761,永芳,07-7831908,高雄市大寮區永芳里萬丹路630號
930062,建泰,07-7538356,高雄市鳳山區誠義路2號
115889,武漢,07-7214004,高雄市苓雅區武漢街72號
960764,瑞正,07-7168052,高雄市前鎮區瑞興里瑞北路157號159號
239477,鑫愛群,07-3340695,高雄市前鎮區復興三路435號437號
254465,高雄,07-3367915,高雄市前鎮區復興三路116號
971339,桂德,07-7932498,高雄市小港區桂林里中安路428號
131102,桂安,07-7934767,高雄市小港區孔鳳路557號
174729,樺鑫,07-7928411,高雄市小港區中安路739號
207481,甲智,07-7924107,高雄市鳳山區甲智路103號
239282,永益,07-8013076,高雄市小港區民益路46號1樓及2樓
118741,新漢北,07-8021586,高雄市小港區漢民路132號134號1樓
251710,順苓,07-8039482,高雄市小港區漢民路381號
881685,校和,07-3012204,高雄市楠梓區軍校路658號
263643,新昌,07-3631254,高雄市左營區光輝里後昌路637號639號1樓
197250,慶昌,07-3680748,高雄市楠梓區後昌路722號1樓慶昌街2-1號1樓
252702,秀昌,07-3641295,高雄市楠梓區後昌路858之2號1樓
275222,樂民,07-3634607,高雄市楠梓區加昌里壽民路60號1樓
282482,加群,07-3636174,高雄市楠梓區加昌里40鄰樂群路153號155號1樓
960133,亞新,07-3659953,高雄市楠梓區樂群路76號
232753,新後勁,07-5910659,高雄市楠梓區後昌路139-1號
111832,新後昌,07-3646497,高雄市楠梓區錦屏里後昌路115號1樓
237024,新加昌,07-3644425,高雄市楠梓區加昌路275.277號
261980,好事登,07-3526754,高雄市楠梓區鳳楠路235號朝明路233號
232144,太子城,07-3536760,高雄市楠梓區楠梓路263號265號267號
283706,盛田,07-3519446,高雄市楠梓區享平里興楠路326號
198965,常德,07-3532424,高雄市楠梓區清豐里常德路287號
124610,得富,07-3723458,高雄市仁武區八卦里八德西路246號
996349,長青,07-7327025,高雄市鳥松區大智路5號7號1樓
942755,翔富,07-7805459,高雄市鳳山區文德里濱山街12號1樓
208990,龍平,07-7775941,高雄市鳳山區文平街210號
190019,青文,07-7776482,高雄市鳳山區文衡里文衡路343號
255550,鳳凌,07-7405747,高雄市鳳山區中山路223.225.227號
116789,鎮海,08-8326154,屏東縣東港鎮鎮海路1-100號1-26號1樓
261577,鼎東,08-8325165,屏東縣東港鎮興東里中正路二段491號1樓
170288,林邊,08-8758079,屏東縣林邊鄉仁和里中山路275號277號
235545,飛米,08-8716972,屏東縣枋寮鄉勝利路9號
110275,家的,08-8881053,屏東縣恆春鎮城南里中正路67號1樓
910677,吉春,08-8898264,屏東縣恆春鎮山腳里環城南路60號
208314,恆好,08-8881553,屏東縣恆春鎮恆南路70-1號
184173,鵝鑾鼻,08-8851632,屏東縣恆春鎮鵝鑾里鵝鑾路245.247.249.257號
268213,墾丁,08-8862449,屏東縣恆春鎮墾丁路60號62號
238762,雅客,08-8861871,屏東縣恆春鎮墾丁里墾丁路166號
283968,堡勤,08-7511927,屏東縣屏東市新生里復興南路一段370號1樓
122810,三多利,08-7750032,屏東縣九如鄉大坵村九如路三段56號1樓
201461,欣欣鼎,08-7339511,屏東縣屏東市崇蘭里自由路666號1樓
279349,長治,08-7377784,屏東縣長治鄉新潭村長興路13號1樓
235796,學美,08-8849216,屏東縣內埔鄉學人路321-1號
930659,學興,08-7798902,屏東縣內埔鄉和興村學人路590.592號1樓
264495,學廣,08-7788579,屏東縣內埔鄉內埔村廣濟路2-6號
263458,順越,08-7789176,屏東縣內埔鄉南寧路19、21號
181129,新中勝,08-7707202,屏東縣內埔鄉龍潭村昭勝路13.15號1樓
188234,念楨,08-7708081,屏東縣內埔鄉黎明村黎東路221號1樓
130291,永盛,08-7931503,屏東縣鹽埔鄉鹽中村勝利路81之3號
903794,南州,08-8647408,屏東縣南州鄉溪南村三民路171號
920401,玉光,08-8670860,屏東縣佳冬鄉玉光村中山路67號69號1樓
266309,海豚灣,08-8761758,屏東縣枋山鄉坊山村中山路三段61-3號1樓
263595,南北棧,08-8761583,屏東縣枋山鄉枋山村中山路三段38號
892113,小琉球,08-8614309,屏東縣琉球鄉本福村民生路61號
122382,白燈塔,08-8612496,屏東縣琉球鄉三民區大福村中正路303之2號1樓
182786,花瓶岩,08-8612932,屏東縣琉球鄉本福村中山路51-5號1樓
251695,崇武,08-7511963,屏東縣屏東市崇武里華盛街5-6號
126269,崇蘭,08-7337084,屏東縣屏東市廣東路1588、1590、1592號1樓
283692,崇博,08-7321752,屏東縣屏東市博愛路429號
189134,廣吉,08-7328572,屏東縣屏東市廣東路991之1、991之2號1樓
282862,公裕,08-7329938,屏東縣屏東市北興里廣東路818號
275004,北勢頭,08-7362150,屏東縣屏東市自由路445號
184003,富達,03-9875509,宜蘭縣頭城鎮青雲路一段225號227號1樓
112938,圓達,03-9874660,宜蘭縣礁溪鄉礁溪路七段65號69號
258375,二城,03-9778847,宜蘭縣頭城鎮青雲路一段476號
195265,頭城,03-9778054,宜蘭縣頭城鎮青雲路三段96號1樓
255424,纘祥,03-9774578,宜蘭縣頭城鎮民鋒路18號20號
123008,噶瑪蘭,03-9782335,宜蘭縣頭城鎮復興路58號
130730,壯五,03-9373467,宜蘭縣宜蘭市東港路一段213號1樓
252849,東道,03-9374614,宜蘭縣宜蘭市東港路一段575號
208945,壯美,03-9309346,宜蘭縣壯圍鄉美功路一段40巷1號
280811,全美,03-9309733,宜蘭縣壯圍鄉美城村大福路三段1號5號
277561,駿隆,03-9887913,宜蘭縣礁溪鄉中山路一段175號1樓
260334,森晴,03-9887805,宜蘭縣礁溪鄉仁愛路42.46號
242369,詠富,03-9873209,宜蘭縣礁溪鄉礁溪路五段152號1樓
167824,泉湧,03-9876652,宜蘭縣礁溪鄉玉石村溫泉路15鄰85號1樓
981392,湯圍,03-9883627,宜蘭縣礁溪鄉礁溪路五段51號
228145,永鎮,03-9309121,宜蘭縣壯圍鄉壯濱路四段373號373之1號1樓
934514,蘭陽,03-9366772,宜蘭縣宜蘭市中山路二段101號1樓
264912,農專,03-9355846,宜蘭縣宜蘭市神農路一段96號98號
113399,伍富,03-9365457,宜蘭縣宜蘭市女中路三段26-6號26-7號26-8號
236711,宜莊,03-9333660,宜蘭縣宜蘭市光復路26號
132895,滿冠,03-9330864,宜蘭縣宜蘭市新興路68號1樓
216038,同慶,03-9320912,宜蘭縣宜蘭市中山路三段203號205號207號1樓
211457,承莊,03-9288381,宜蘭縣宜蘭市中山路五段148號
122120,騰豪,03-9288578,宜蘭縣宜蘭市大坡路二段215號217號1樓
265339,員泉,03-9229705,宜蘭縣員山鄉溫泉路1之27號1之28號1樓
233228,謙和,03-9325981,宜蘭縣宜蘭市民族路461號463號1樓
234829,龍坡,03-9280944,宜蘭縣宜蘭市大坡路一段111號113號
235453,枕山,03-9230275,宜蘭縣員山鄉枕山路39之1號1樓
242059,鎮新,03-9333029,宜蘭縣宜蘭市進士路二段406號
165345,昱成,03-9549291,宜蘭縣五結鄉中正路一段174號176號
913300,杰昇,03-9654642,宜蘭縣五結鄉二結路107號1樓
970233,宣宏,03-9558424,宜蘭縣羅東鎮復興路二段257號
201036,新羅興,03-9573130,宜蘭縣羅東鎮興東路23之2號1樓2樓
236700,潤霖,03-9542776,宜蘭縣羅東鎮公正路136號1樓
977418,宜泰,03-9572315,宜蘭縣羅東鎮公園路100號1樓
284628,羅高,03-9518247,宜蘭縣羅東鎮公正路357號359號
111201,徠一,03-9615630,宜蘭縣羅東鎮培英路98號100號
208439,安農,03-9532658,宜蘭縣冬山鄉長春路128號
229344,上將,03-9552430,宜蘭縣三星鄉上將路一段381號
249452,金站,03-9531183,宜蘭縣羅東鎮公正路31號1樓
196671,永義,03-9589042,宜蘭縣冬山鄉義成路三段195號1樓
882644,義成,03-9580078,宜蘭縣冬山鄉義成路三段2號1樓永興路一段452號1樓
199566,麗騰,03-9897137,宜蘭縣三星鄉三星路一段586號
217064,樸隱,03-9899824,宜蘭縣三星鄉大隱村三星路二段25鄰13號
236342,廣安,03-9617629,宜蘭縣冬山鄉廣興路331號333號
217075,詠淇,03-9596549,宜蘭縣冬山鄉香和村冬山路一段725號
209133,蘇澳,03-9963916,宜蘭縣蘇澳鎮中山路一段66號
921183,蘇澳港,03-9955466,宜蘭縣蘇澳鎮蘇東中路4號
882655,南方澳,03-9951870,宜蘭縣蘇澳鎮江夏路27號
187998,振盟,03-9907994,宜蘭縣蘇澳鎮蘇濱路二段302號
256117,冬山武淵,03-9505331,宜蘭縣冬山鄉富農路二段276號1+2樓
260529,親河,03-9507917,宜蘭縣五結鄉親河路二段109.111.113號
110415,豐濱,03-8791893,花蓮縣豐濱鄉三民村三民路61號65號1樓
174305,樂合,03-8980204,花蓮縣玉里鎮樂合里新民路13-1號
153375,玉里,03-8880248,花蓮縣玉里鎮中山路二段90號1樓
980137,鑫盈佳,03-8357526,花蓮縣花蓮市林森路258號1樓
212391,權營,03-8315692,花蓮縣花蓮市民權路25之1號25之2號25之3號1樓
943725,長勝,03-8239707,花蓮縣花蓮市中美路83-1號83-2號
872382,蓮美,03-8227819,花蓮縣花蓮市中美路209號
954437,祥祐,03-8610548,花蓮縣新城鄉順安村北三棧119之6號
967558,富翔,03-8523437,花蓮縣吉安鄉東昌村海岸路77號
912972,慈勝,03-8549692,花蓮縣吉安鄉自強路52號
131836,蓮圓,03-8462539,花蓮縣花蓮市中山路891號893號1樓
151276,蓮恆,03-8580885,花蓮縣吉安鄉北昌村建國路一段49號51號
880671,志學,03-8661330,花蓮縣壽豐鄉志學村7鄰中山路三段6號
196626,吉華,03-8544491,花蓮縣吉安鄉中華路二段172號
174350,愛民,03-8310747,花蓮縣花蓮市民國路22號1樓
235969,福旺,03-8315654,花蓮縣花蓮市和平路259號
233686,大武之心,089-792812,台東縣大武鄉尚武村環港路56號1樓
888099,東漢,089-357252,台東縣台東市正氣北路182號
997652,東捷,089-326614,台東縣台東市豐榮里豐盛路1號
160188,仁毅,089-239371,台東縣台東市馬蘭里新生路680號682號684號1樓
202246,豐喜,089-233342,台東縣台東市豐年里連航路3號
954574,東樂,089-229434,台東縣台東市山西路一段330號
258445,東廣,089-232915,台東縣台東市傳廣路492號1樓
180702,東安,089-342946,台東縣台東市杭州街288號1樓
200538,米鄉,089-864787,台東縣池上鄉福原村中山路241號
122957,關山,089-812792,台東縣關山鎮和平路4號4之1號1樓
188201,跨海,06-9983218,澎湖縣西嶼鄉合界村3-1號
120467,文澳,06-9217471,澎湖縣馬公市文山路53號1樓
166740,澎興,06-9218960,澎湖縣馬公市興仁里雙頭掛1之2號
151391,鎖港,06-9953089,澎湖縣馬公市鎖港里鎖管港段1439號
280408,百麗,06-9218974,澎湖縣馬公市東文里新店路463號1號
113506,揚光,06-9267812,澎湖縣馬公市陽明里中華路175號1樓
930545,新台澎,06-9263856,澎湖縣馬公市中正路85號
274540,澎衛,06-9264241,澎湖縣馬公市西衛里光復路408號
237932,永興順,06-9228176,澎湖縣湖西鄉隘門34之2號
257257,馬公三多,06-9267596,澎湖縣馬公市三多路99號1樓
941202,澎技,06-9264367,澎湖縣馬公市朝陽里三多路45號
922201,文光,06-9276453,澎湖縣馬公市光榮里三多路338號
900762,西衛,06-9276457,澎湖縣馬公市光榮里光復路297號
987806,馬公,06-9267402,澎湖縣馬公市光復路59號
209476,海藍,069-219135,澎湖縣馬公市西文澳118-3號
181750,馬航,06-9228847,澎湖縣湖西鄉隘門村126之5號1樓(馬公航空站一樓航廈)
206617,山隴,083-625711,連江縣南竿鄉介壽村232號233號284號
250348,塘岐,083-655554,連江縣北竿鄉塘岐村219號
194192,鈦湖,082-334638,金門縣金湖鎮新市里太湖路二段217號1樓
210351,金門醫院,082-336385,金門縣金湖鎮復興路2-1號1樓
263078,新再發,082-334313,金門縣金湖鎮復興路8號10號
250108,新山外,082-337068,金門縣金湖鎮山外里復興西路2號
970059,新沙美,082-355723,金門縣金沙鎮汶沙里國中路2號
970820,金寧,082-321534,金門縣金寧鄉環島北路一段711號
281179,金石,082-323642,金門縣金城鎮民權路192號196號1樓
284156,樂多,082-321114,金門縣金寧鄉伯玉路二段229號
255055,金生,082-322784,金門縣金城鎮西門里民生路67.69號
236331,金民,082-323404,金門縣金城鎮民生路9號1樓
237851,金央,082-321424,金門縣金寧鄉伯玉路一段222之8號1樓
253668,金門城,082-326654,金門縣金城鎮金門城128-6號
882921,金亮,082-371831,金門縣金城鎮民權路73號1F2F75號1F2F光前路85-2號1F85-3號1F
241263,下埔下,082-329374,金門縣金寧鄉慈湖路一段69.71號