店號,店名,縣巿,地址,電話
132415,正光,基隆市,七堵區自治街9號11號,02-24564983
171007,七堵,基隆市,七堵區明德一路174號,02-24562044
285908,新五福,基隆市,七堵區福五街80號82號1樓,02-24529901
263517,新和慶,基隆市,中山區中和路166之5號166之6號1樓,02-24365587
254225,富華,基隆市,中山區中華路9號,02-24369132
286406,德復,基隆市,中山區復興路193號195號197號1樓,02-24374364
235198,新橫濱,基隆市,中山區復興路209之3號1樓,02-24362473
261049,海洋,基隆市,中正區中正路609號1樓,02-24637174
279006,北寧,基隆市,中正區北寧路382號382-5號,02-24691825
251662,和豐,基隆市,中正區新豐街203號1樓,02-24698861
284053,哨船頭,基隆市,中正區義一路83號1樓,02-24288846
236696,愛六,基隆市,仁愛區仁一路281號1樓,02-24265641
292799,新仁二,基隆市,仁愛區仁二路11號13號1樓,02-24264807
171155,新福成,基隆市,仁愛區仁二路84號86號1樓,02-24274348
280822,基隆南站,基隆市,仁愛區港西街5號1樓,02-24258526
253495,安一,基隆市,安樂區安一路172及174號,02-24260343
277712,新長基,基隆市,安樂區安樂路二段161號,02-24336241
154840,武訓,基隆市,安樂區武訓街102號1樓,02-24329441
139313,新武嶺,基隆市,安樂區基金一路168之26號,02-24334459
252816,武晴,基隆市,安樂區基金一路214之17號,02-34011433
279914,瑞金,基隆市,安樂區基金三路75號75之1號1樓,02-24344408
286417,麥金,基隆市,安樂區基金三路80號80-1號1樓,02-34011778
962313,坤海,基隆市,信義區東明路69號1樓,02-24658451
249348,崇信,基隆市,信義區東信路212-4及214號1樓,02-24657622
273525,基信,基隆市,信義區信二路23號23之4號,02-24267049
951003,深美,基隆市,信義區深美街196號,02-24664831
240167,新暖東,基隆市,暖暖區暖暖街175號177號1樓,02-24580719
286439,碇內,基隆市,暖暖區源遠路158號160號,02-24586443
132574,新士林,台北市,士林區大東路123號125號1樓,02-28835732
184508,大饌,台北市,士林區大東路35號1樓,02-28838865
187758,東洋,台北市,士林區中山北路七段14巷19號Ｂ1,02-28753409
216072,新忠誠,台北市,士林區中山北路六段18號20號1樓,02-28314978
171764,福榮,台北市,士林區中正路220號222號,02-28330676
279730,福正,台北市,士林區中正路301號,02-28812763
210823,齊德,台北市,士林區天母西路85號1樓2樓,02-28745680
293792,三玉,台北市,士林區天母東路88之1號1樓,02-28744580
129372,天美,台北市,士林區天母東路8巷96號98號,02-28762701
177463,天福,台北市,士林區天福里天母東路８巷39號天母東路8巷41弄1號,02-28762502
195900,珍饌,台北市,士林區文林路126號1樓,02-28839937
148524,丹樺,台北市,士林區文林路530號,02-28314649
217282,鑫仰德,台北市,士林區仰德大道三段68號70號,02-28618640
275233,鑫成,台北市,士林區至誠路二段82號1樓,02-28346370
151416,葫蘆,台北市,士林區延平北路五段134號,02-28112919
276225,海光,台北市,士林區延平北路五段35號37號39號,02-28167812
265650,集鑫,台北市,士林區延平北路六段229號231號,02-28113784
200929,誠義,台北市,士林區忠誠路一段126號128號,02-28353013
128807,德行,台北市,士林區忠誠路二段7號1樓,02-28341724
185567,兒樂,台北市,士林區承德路五段55號,02-28348349
231277,社鑫,台北市,士林區社子街42號44號1樓,02-28136371
293301,社正,台北市,士林區社正路75號社中街84號1樓,02-88111936
285296,前德,台北市,士林區前港街17號,02-28835127
287579,鑫港,台北市,士林區後港街210號,02-28836276
266066,冬樂,台北市,士林區美崙街114號,02-28344625
253288,豐基,台北市,士林區基河路368號370號,02-28344187
274137,福國路,台北市,士林區福國路17號17之1號19之1號,02-28318412
896160,福芝,台北市,士林區福國路94號,02-28358739
276270,新劍潭,台北市,士林區福港街246號248號,02-28882016
216119,芝山,台北市,士林區福華路126號1樓,02-28316143
131984,三樂,台北市,士林區劍潭路21號1樓,02-28832921
190592,德天,台北市,士林區德行西路52號1樓,02-28344941
155223,蘭雅,台北市,士林區德行東路6之2號1樓,02-28345909
279084,東吳,台北市,士林區臨溪路70號,02-28835820
136831,雙連,台北市,大同區民生西路176號,02-25558245
264897,民族西,台北市,大同區民族西路151號153號155號,02-25954841
241399,權鑫,台北市,大同區民權西路157之1號1樓,02-25995942
190938,延埕,台北市,大同區延平北路二段159號161號,02-25520267
241861,涼州,台北市,大同區延平北路二段258號,02-25501438
238382,延龍,台北市,大同區延平北路四段16號18號1樓,02-25969446
962542,大龍,台北市,大同區昌吉街72號74號76號及蘭州街135號,02-25947220
143677,長峰,台北市,大同區長安西路45之2號47號1樓,02-25556859
239787,詠樂,台北市,大同區迪化街一段13號全棟,02-25559848
992967,酒泉,台北市,大同區重慶北路三段258、260、262號1樓,02-25959849
120526,圓泉,台北市,大同區酒泉街25號27號1樓,02-25997457
996523,篷萊,台北市,大同區寧夏路131-1號,02-25539665
260840,慶寧,台北市,大同區寧夏路23號23之1號,02-25569881
280213,信安,台北市,大安區大安路一段218號,02-27048829
241193,頂安,台北市,大安區大安路一段67號1樓,02-27787790
232454,敦南,台北市,大安區大安路一段83巷14號1樓,02-27115066
175032,中廣,台北市,大安區仁愛路三段25-1號27號,02-27526751
147141,敦信,台北市,大安區仁愛路四段122巷50號1樓,02-27556047
288804,仁安,台北市,大安區仁愛路四段29號,02-27789367
143253,頂好,台北市,大安區仁愛路四段79號1號,02-87714781
238533,合維,台北市,大安區四維路170巷8號1樓,02-27077030
273950,新國聯,台北市,大安區光復南路180巷12號,02-27752026
274171,欣安和,台北市,大安區安和路一段47號,02-87730039
273927,敦安,台北市,大安區安和路一段86號,02-27081857
238016,敦親,台北市,大安區辛亥路二段171巷8號,02-27366095
894359,辛亥,台北市,大安區辛亥路二段57號,02-23630291
129350,黎元,台北市,大安區辛亥路三段157巷32號1樓臥龍街188巷1號1樓,02-23778253
293600,青田,台北市,大安區和平東路一段141巷15.17號1樓,02-23918488
286750,和泰,台北市,大安區和平東路一段169號,02-23915933
280176,溫東,台北市,大安區和平東路一段266號,02-23623019
287384,龍淵,台北市,大安區和平東路二段118巷33號,02-27336247
283256,龍門,台北市,大安區和平東路二段38之1號40號1樓,02-23628467
234128,合億,台北市,大安區和平東路三段1巷51號1樓,02-27014931
196316,和樂,台北市,大安區和平東路三段228巷45號1樓,02-27326014
242668,和鑫,台北市,大安區和平東路三段38號1樓,02-27326448
217271,延吉,台北市,大安區延吉街237號,02-27087348
294289,吉忠,台北市,大安區延吉街72號,02-87725413
273846,懷生,台北市,大安區忠孝東路三段248巷9號,02-27811473
996154,鳳翔,台北市,大安區忠孝東路四段216巷68號,02-87710411
232960,統領,台北市,大安區忠孝東路四段223巷9號1樓,02-87734754
265465,鑫忠孝,台北市,大安區忠孝東路四段313號1樓,02-27754406
276638,麟光,台北市,大安區臥龍街252號及252之1號,02-27339761
167950,東門,台北市,大安區信義路二段198巷6號1樓,02-33224717
155083,鑫復,台北市,大安區信義路三段178號1樓,02-27085803
921633,大信,台北市,大安區信義路三段33號,02-27096471
285698,森美,台北市,大安區信義路三段65號1樓,02-27097500
959155,信中,台北市,大安區信義路三段99號1樓,02-27033810
236973,鑫通,台北市,大安區信義路四段294巷7號1樓,02-27018472
264266,龍延,台北市,大安區師大路59巷13號,02-23648913
265661,新泰順,台北市,大安區泰順街13號,02-23643011
232971,鑫泰,台北市,大安區泰順街60巷9號11號,02-23670195
972594,長星,台北市,大安區基隆路三段85號,02-27395493
214858,通化,台北市,大安區通化街26之8號,02-27083071
251798,臨通,台北市,大安區通安街64號1樓,02-23258043
186319,喜悅,台北市,大安區復興南路二段82-1及82-2號,02-27067601
282769,敦頂,台北市,大安區敦化南路一段190巷10號1樓,02-27796271
276731,昇隆,台北市,大安區敦化南路二段238號,02-27328454
273189,大敦,台北市,大安區敦化南路二段63巷7號1樓,02-27045633
201287,樂和,台北市,大安區樂利路29號29-1號,02-87323391
263090,龍泉,台北市,大安區羅斯福路三段193號1樓,02-23682936
283094,溫州,台北市,大安區羅斯福路三段245號,02-23626249
971867,鑫東一,台北市,中山區一江街11號13號,02-25815255
886059,東崙,台北市,中山區八德路二段282號,02-27754769
240019,晶鑽,台北市,中山區中山北路二段39巷8號1樓,02-25115092
228167,國賓,台北市,中山區中山北路二段71號1樓,02-25682463
288206,原中,台北市,中山區中原街132號,02-25931079
250083,榮鑽,台北市,中山區五常街23號25號民族東路410巷62號1樓,02-25179854
256623,中山天津,台北市,中山區天津街48.50號,02-25411889
170989,天津,台北市,中山區天津街65號,02-25434306
227658,藍天樓,台北市,中山區北安路387號1樓,02-25336042
929006,欣旺,台北市,中山區北安路602之1號1樓604號1樓606號1樓,02-25321290
185051,新大直,台北市,中山區北安路621巷48號,02-25329890
261865,松怡,台北市,中山區民權東路二段146號1樓,02-25171034
287133,福權,台北市,中山區民權東路二段96號98號1樓,02-25679782
255011,權東,台北市,中山區民權東路三段71號73號1樓,02-25159982
130394,吉林,台北市,中山區吉林路209號1樓2樓,02-25312934
255686,圓武,台北市,中山區吉林路24號之2一樓,02-25222464
928357,吉安,台北市,中山區吉林路365號367號農安街137號,02-25943806
196660,大吉,台北市,中山區吉林路97號99號1樓,02-25630883
278438,長松,台北市,中山區松江路65號,02-25045817
209904,森泰,台北市,中山區林森北路358號360號,02-25681096
217330,森華,台北市,中山區林森北路587號1樓,02-25952940
970749,鑫長安,台北市,中山區長安東路一段53巷1之3號,02-25813841
148133,鑫安江,台北市,中山區長安東路二段178號178-1號1樓,02-27774809
249337,長北,台北市,中山區長春路11號,02-25112677
186559,國學,台北市,中山區長春路182號,02-25068651
209719,京旺,台北市,中山區南京東路1段92號1樓,02-25239652
167260,吉鑫,台北市,中山區南京東路二段11號1樓,02-25420316
240754,國京,台北市,中山區南京東路三段21號1樓,02-25075809
243074,新寶,台北市,中山區建國北路一段156號一樓,02-25177446
254926,建欣,台北市,中山區建國北路二段13號1樓,02-25177302
951195,榮鑫,台北市,中山區建國北路三段89號91號1樓,02-25069116
241425,復北,台北市,中山區復興北路164號1樓,02-27184351
194572,復錦,台北市,中山區復興北路348號1樓,02-25160812
293437,常榮,台北市,中山區復興北路514巷39號41號1樓,02-25000249
277996,朱崙,台北市,中山區復興北路56號58號1樓,02-27523425
215943,明美,台北市,中山區敬業一路130號1樓,02-85011701
265775,樂明,台北市,中山區敬業一路56號,02-85015183
194077,萬濠,台北市,中山區敬業四路1號1樓,02-85029120
262927,稻江,台北市,中山區新生北路三段35號農安街67號69號,02-25850268
200804,鑫德惠,台北市,中山區德惠街15號1樓,02-25995347
214526,基河,台北市,中山區樂群二路206號1樓,02-85029131
235800,遼寧,台北市,中山區遼寧街160號1樓,02-25013476
287225,錦北,台北市,中山區錦州街8號,02-25418586
277435,新錦祥,台北市,中山區錦西街16號,02-25311037
263757,錦龍,台北市,中山區龍江路281-1號,02-25080595
289689,榮星,台北市,中山區龍江路324號1樓,02-25184635
956673,榮金,台北市,中山區龍江路384巷1號384巷3號,02-25013144
252481,德金,台北市,中正區八德路一段29號,02-23211677
214733,欣漢華,台北市,中正區中華路一段41號1樓,02-23613686
135296,仁金,台北市,中正區仁愛路二段39號39-1號,02-23583428
900474,萬翔,台北市,中正區公園路13號,02-23757275
268589,臺醫站,台北市,中正區公園路52號,02-23888707
199441,汀州,台北市,中正區汀州路一段127號129號,02-23098147
187057,鑫泉州,台北市,中正區汀州路一段285號一樓,02-23054054
240411,同州,台北市,中正區同安街62號1樓,02-23677326
185279,新愛國,台北市,中正區延平南路177號,02-23710027
258766,森光,台北市,中正區忠孝西路一段47號B1(櫃號KB111),02-23141016
248862,北車,台北市,中正區忠孝西路一段49號地下1樓(13號14號15號販賣店),02-23880571
874252,華山,台北市,中正區忠孝東路一段138號,02-23214407
252377,忠孝東,台北市,中正區忠孝東路一段72號76號1樓,02-23225861
972321,鑫杭,台北市,中正區杭州南路一段23號,02-23579224
282208,千成,台北市,中正區林森南路4號之3,02-23577481
251835,重南,台北市,中正區武昌街一段1-2號1樓,02-23884895
263311,慶城,台北市,中正區武昌街一段18號1樓,02-23719815
216865,杭信,台北市,中正區信義路二段15號1樓,02-23584603
252218,羅昌,台北市,中正區南昌路二段206號1樓,02-23678289
190743,博源,台北市,中正區思源街16號,02-23684419
256276,中正牯嶺,台北市,中正區牯嶺街138號1樓,02-23684831
236618,紹興,台北市,中正區紹興北街37號1樓,02-23224595
278748,興忠,台北市,中正區紹興北街3號1樓B1,02-33930882
170299,開博,台北市,中正區開封街一段40號42號1樓,02-23119208
253657,新文華,台北市,中正區廈門街77號77之1號1樓,02-23658130
249669,牯嶺,台北市,中正區廈門街99巷19-2號1樓,02-23686248
279109,新南,台北市,中正區新生南路一段126-7號,02-23435207
118420,鑫重寧,台北市,中正區寧波西街86號1樓,02-33225836
237220,中愛,台北市,中正區寧波東街17號1樓,02-23415461
210764,鑫華福,台北市,中正區漢口街一段36號1樓,02-23826193
184793,警廣,台北市,中正區廣州街10-2號10-3號10-4部分號1樓,02-23717603
277402,鑫台北,台北市,中正區黎明里忠孝西路一段35號一樓,02-23312768
996110,鑫大孝,台北市,中正區黎明里重慶南路一段1-1號一樓,02-23719010
119582,新格蘭,台北市,中正區衡陽路27號,02-23705929
264875,濟新,台北市,中正區濟南路二段50號,02-33224217
991850,長鴻,台北市,內湖區大湖山莊街219巷6號8號1樓,02-87910970
239695,達人,台北市,內湖區內湖路二段249號251號,02-27945695
277620,金龍,台北市,內湖區內湖路二段407號409號411號1樓,02-87917475
261810,鑫文德,台北市,內湖區文德路99號1樓,02-87977622
248666,民醫,台北市,內湖區民權東路六段123巷22號22之1號,02-87925605
250038,名寶,台北市,內湖區民權東路六段180巷17號19號,02-87914208
276410,權湖,台北市,內湖區民權東路六段212號1樓212之1號1樓,02-27933062
284031,欣福,台北市,內湖區成功路二段320巷60號,02-27941649
235051,鑫江南,台北市,內湖區江南街10號1樓,02-87513943
241942,行美,台北市,內湖區行善路191號193號,02-87914060
185888,彩龍,台北市,內湖區行善路35號1F,02-87902990
195704,金聯發,台北市,內湖區金龍路137號1樓,02-27941161
189400,星成,台北市,內湖區星雲街17號17-1號,02-27942674
286370,瑞東,台北市,內湖區洲子街102號1樓,02-87514830
283430,康雲,台北市,內湖區康寧路一段160號,02-27922754
234483,紫雲,台北市,內湖區康寧路一段263號265號1樓,02-27932947
275358,紫新,台北市,內湖區康寧路一段34號,02-27949151
283500,康寧,台北市,內湖區康寧路三段26巷1號,02-26328942
882792,晏揚,台北市,內湖區康寧路三段99巷14號康寧路三段99巷12弄2號,02-26345565
196464,港華,台北市,內湖區港華街46號1樓,02-27997851
252883,富港,台北市,內湖區港墘路46號48號1樓,02-87512984
284721,紫陽,台北市,內湖區紫陽里陽光街159號,02-87512875
952615,新潭美,台北市,內湖區新明路425號427號,02-27942796
201841,日內瓦,台北市,內湖區瑞光路76巷59號1樓,02-87912964
214179,瑞江,台北市,內湖區瑞陽里江南街71巷16弄76號,02-26587055
231864,環武,台北市,內湖區環山路一段8號1樓,02-26276830
183572,華興,台北市,文山區木柵路一段284號286號1樓,02-29371244
230090,木鳴,台北市,文山區木柵路三段115號117號1樓,02-29371077
273695,木盛,台北市,文山區木柵路三段88號,02-86611837
253347,博嘉,台北市,文山區木柵路四段117號119號1樓,02-82300388
211077,巨新,台北市,文山區木新路二段212號及木新路二段218巷2號4號,02-29373241
199290,文新,台北市,文山區木新路三段276號,02-22349624
260792,文一,台北市,文山區木新路三段351號353號1樓,02-29377616
119711,文山,台北市,文山區永安街22巷23號25號1樓,02-29368284
121068,新秀,台北市,文山區秀明路二段8號10號,02-29398096
285517,辛亥站,台北市,文山區辛亥路四段132號,02-86639792
189695,文忠,台北市,文山區忠順街二段10號1樓,02-29379722
113160,指南,台北市,文山區指南路一段34號36號1樓,02-29363203
253370,政大,台北市,文山區指南路二段99號101號,02-29362025
855354,添恩,台北市,文山區指南路三段8號10號,02-22343580
293275,景中,台北市,文山區景文里景文街96號98號,02-86637537
261452,景捷,台北市,文山區景福街252號,02-29316909
885609,萬芳,台北市,文山區萬安街23號、25號、27號1樓,02-22390910
285159,萬美,台北市,文山區萬和街6號2樓之1,02-22398986
236803,北福興,台北市,文山區興旺里福興路20號,02-29350416
190042,羅斯福,台北市,文山區羅斯福路五段216號,02-29342178
265454,隆合,台北市,文山區羅斯福路五段218巷28號30號,02-29334229
248770,新萬隆,台北市,文山區羅斯福路六段20號22號,02-29353483
229610,滬江,台北市,文山區羅斯福路六段270號,02-29308537
187286,西安,台北市,北投區大興街44號46號1樓,02-28949299
280589,薇閣,台北市,北投區中央北路一段108號,02-28944880
252942,復興崗,台北市,北投區中央北路二段68之2號68之3號,02-28949719
292962,一德,台北市,北投區中央北路四段513號,02-28984000
279811,北投奇岩,台北市,北投區中央南路二段31號1樓,02-28919349
239145,北投,台北市,北投區中和街222號,02-28941151
280534,金和,台北市,北投區中和街314號316號1樓,02-28919043
286277,秀山,台北市,北投區中和街476號478號480號1樓,02-28947141
962209,新豪美,台北市,北投區文林北路98號100號,02-28233553
293770,百齡,台北市,北投區石牌路一段37號,02-28219107
928531,振華,台北市,北投區石牌路二段80號82號,02-28218145
962483,石捷,台北市,北投區石牌路二段8號,02-28208526
236401,立陽,台北市,北投區立農街二段299號1樓,02-28213079
195438,華碩二,台北市,北投區立德路115號3樓,02-28973924
234977,新和碩,台北市,北投區立德路150之3號B1F,02-28916241
274780,光中,台北市,北投區光明路122號,02-28971043
230816,榮陽,台北市,北投區西安街一段345號1樓,02-28212601
167466,福瀛,台北市,北投區西安街二段345號1樓,02-28239491
948649,明德,台北市,北投區明德路114號,02-28220224
251477,泉源,台北市,北投區泉源路30號地下一樓,02-28975244
238625,加賀屋,台北市,北投區溫泉路73巷5號地下二樓之1,02-28941650
264130,商城,台北市,北投區裕民六路111號113號1樓,02-28218731
236984,懷得,台北市,北投區懷德街85號1樓,02-28279042
254317,清愿,台北市,松山區八德路二段439號,02-27729274
201302,台場,台北市,松山區八德路三段20-2號,02-25794824
263539,新饒河,台北市,松山區八德路四段697號1樓,02-27632434
188681,松民,台北市,松山區三民路10號,02-27480323
215758,朝福,台北市,松山區三民路115號,02-37652976
282910,民復,台北市,松山區民生東路五段10號1樓,02-27479963
235855,東榮,台北市,松山區民生東路五段71號1樓,02-37655187
164803,東鑫,台北市,松山區民生東路四段55巷10號,02-27196327
199267,敦化,台北市,松山區民權東路三段160巷9號1樓,02-87129627
281180,京復,台北市,松山區光復北路11巷44號,02-27425644
251352,鑫壽,台北市,松山區延壽街323號,02-27694858
173988,延壽,台北市,松山區延壽街422號,02-27622884
171421,統威,台北市,松山區東興路13-1號1樓15巷3號1樓,02-27481762
209100,京運,台北市,松山區南京東路三段262號1樓,02-27716548
280855,復吉,台北市,松山區南京東路三段275號1樓,02-25451347
260437,京萬,台北市,松山區南京東路三段331號1樓,02-27129359
264129,京興,台北市,松山區南京東路五段206號1樓,02-27489633
214803,新寶清,台北市,松山區南京東路五段334號336號1樓,02-27624852
262226,吉盛,台北市,松山區南京東路五段66巷3弄1號1樓,02-27479591
250359,健一,台北市,松山區健康路11號,02-25149369
184782,復春,台北市,松山區復興北路179號,02-27151190
275727,東復,台北市,松山區復興北路313巷25號,02-25472325
294290,樂得,台北市,松山區復興北路35號,02-27401886
241207,錢京,台北市,松山區敦化北路100號1樓,02-27177520
254649,敦北,台北市,松山區敦化北路149號1樓,02-25472052
135643,松航,台北市,松山區敦化北路340-9號,02-25454821
990352,松禾,台北市,松山區塔悠路31號33號,02-37651361
254890,松慶,台北市,松山區慶城街1號1樓,02-25450149
253624,春光,台北市,信義區大道路9號11號1樓,02-27590205
262444,信吉,台北市,信義區永吉路278巷58弄2號,02-27569832
135241,永信,台北市,信義區永吉路30巷103號,02-27469874
130132,敦厚,台北市,信義區永吉路30巷168弄1號1樓,02-27677884
261898,革新,台北市,信義區永吉路32號34號,02-27688917
277251,松敬,台北市,信義區吳興街11號1樓,02-27580763
285388,勤醫,台北市,信義區吳興街220巷33號,02-27327738
119478,醫學,台北市,信義區吳興街257號259號,02-87803729
164490,吳興,台北市,信義區吳興街284巷18弄2號,02-27388391
231163,鑫麟,台北市,信義區和平東路三段391巷22號24號1樓及地下室一樓,02-87327054
292825,松山,台北市,信義區忠孝東路五段386號,02-27229915
262961,捷忠,台北市,信義區忠孝東路五段617號,02-87856027
262019,忠隆,台北市,信義區忠孝東路五段71巷6號1樓,02-27654906
122186,總部,台北市,信義區東興路67號1樓,02-87874502
282563,松茂,台北市,信義區松山路11號(地下一層商業空間C2號),02-27478931
281870,開源,台北市,信義區松山路136號138號,02-27627486
284813,松仁,台北市,信義區松仁路213號,02-27299057
981901,宏泰,台北市,信義區松仁路91-1號1樓,02-87804531
282851,松錢,台北市,信義區松隆路192號194號1樓,02-27658380
238360,德鄰,台北市,信義區松德路127號129號1樓,02-27272819
264923,慶林,台北市,信義區虎林街151號153號1樓,02-87864998
993041,松高,台北市,信義區基隆路一段141號1樓,02-27670810
238289,中興,台北市,信義區基隆路二段22號,02-27586997
279877,福中,台北市,信義區福德街159號161號1樓,02-27266631
279475,留公,台北市,信義區福德街247號249號,02-27591442
293231,信福,台北市,信義區福德街308號310巷1號,02-27273047
235202,廣林,台北市,信義區福德街84巷52號1樓,02-27590396
243339,廣鳴,台北市,信義區福德街88號90號,02-27598850
135078,凱松,台北市,南港區八德路四段778號780號,02-27886050
140210,中坡,台北市,南港區中坡南路47號1樓,02-27864543
121622,玉德,台北市,南港區玉成街150號1樓,02-27863772
202420,玉成,台北市,南港區西新里南港路三段3號1樓,02-27852937
188326,雄強,台北市,南港區忠孝東路六段276號,02-26516017
264989,聯坊,台北市,南港區東新街118巷1號,02-27893915
289379,愿秀,台北市,南港區南港路二段1號,02-26535652
287580,鵬馳,台北市,南港區南港路三段49-1號,02-27833783
182753,玉港,台北市,南港區南港路三段8號10號,02-26534006
896458,耀港,台北市,南港區研究院路一段99號1樓之14,02-27881332
185822,研究,台北市,南港區研究院路二段14號,02-26511171
240237,庄研,台北市,南港區研究院路二段152號1樓,02-26539357
277387,胡適,台北市,南港區研究院路二段94號96號98巷1號,02-26512201
209269,重陽,台北市,南港區重陽路179號181號1樓,02-27834391
258641,三井,台北市,南港區經貿二路131號(B1-01300櫃位),02-26534946
138815,聯成,台北市,南港區聯成里昆陽街150-1號150-3號,02-27893542
269711,舊莊,台北市,南港區舊莊街一段81號83號,02-27838706
248909,中寧,台北市,萬華區中華路二段602-1、602-2號1樓,02-23014902
289140,紅樓,台北市,萬華區內江街43號1樓,02-23148050
286118,萬運,台北市,萬華區西園路一段153號地下室,02-23088704
239411,凱富,台北市,萬華區西園路一段278號1樓,02-23024836
276775,園寶,台北市,萬華區西園路二段281巷29號1樓31號1樓33號1樓,02-23037290
185833,昆寧,台北市,萬華區西寧南路50巷3號5號,02-23709656
119146,漢寧,台北市,萬華區西寧南路85號,02-23899050
190927,漢陽,台北市,萬華區昆明街197號199號1樓,02-23310744
280796,昆福,台北市,萬華區昆明街30-1號30-2號1樓,02-23717744
286299,世運,台北市,萬華區昆明街81號83號,02-23753064
252296,鑫樂昇,台北市,萬華區武昌街二段114之3號.之4號,02-23754357
996372,鑫武昌,台北市,萬華區武昌街二段57號1樓,02-23314737
149321,新起,台北市,萬華區長沙街二段87號1樓,02-23147269
148052,青園,台北市,萬華區青年路18號1樓,02-23012464
214397,新峨嵋,台北市,萬華區峨嵋街111之2號之3號,02-23704539
166876,萬東,台北市,萬華區萬大路486巷61號63號65號1樓,02-23379121
136406,六福,台北市,萬華區漢口街二段73號1樓,02-23311176
992130,漢中,台北市,萬華區漢中街185號187號,02-23120633
286749,鑽寶,台北市,萬華區興義街41號.43號,02-23037525
187781,華江,台北市,萬華區環河南路二段200號1樓,02-23088154
283511,雙環,台北市,萬華區環河南路二段207號,02-23361021
129095,寶昌,台北市,萬華區寶興街184號186號,02-23045536
165390,西雅圖,新北市,八里區中山路二段151號153號1樓,02-86305421
852230,益彰,新北市,八里區中山路二段409號411號,02-26102771
183491,海神,新北市,八里區中山路二段6號8號,02-86305062
242897,Fresh橋港,新北市,八里區商港八路1號1樓,02-26194572
238979,左岸,新北市,八里區龍米路二段230號之1號之2號1樓,02-26108502
207746,浩瀚,新北市,八里區龍形二街2-11號,02-26185995
195302,大立,新北市,三重區力行路一段184號186號1樓,02-29860146
189466,立福,新北市,三重區力行路一段60之1號60之2號1樓,02-29847213
275521,田豐,新北市,三重區三民街150.152號,02-29840325
237253,陡門頭,新北市,三重區三民街329號,02-29832749
235604,和洲,新北市,三重區三和路二段75號1樓,02-29762317
273765,荷運,新北市,三重區三和路四段97號.97之1.97之2號1樓,02-22809692
198954,重樂,新北市,三重區三信路196號1樓,02-28559436
252388,集吉,新北市,三重區三賢街61號63號1樓,02-28570294
212243,大心,新北市,三重區大同北路148巷2-1號1.2樓和2-2號,02-29882614
284802,大智,新北市,三重區大同北路63號,02-29836622
122773,重智,新北市,三重區大智街195號,02-29869556
258098,三重向榮,新北市,三重區大智街96號及長壽西街170號,02-29866041
283153,中央南,新北市,三重區中央南路39號41號,02-29764290
263333,日揚,新北市,三重區中正北路18之2號之3號之4號1樓,02-89852787
113539,虹諭,新北市,三重區中正北路193巷21弄43號,02-29848146
279888,三重中正北,新北市,三重區中正北路29之8號,02-29842537
294500,中南,新北市,三重區中正南路248-1號248-2號,02-29754553
279073,新洛華,新北市,三重區中華路113號115號,02-29844685
274997,興頂,新北市,三重區中興北街177號,02-29990814
147440,重華,新北市,三重區五華街181號185號1樓,02-28579451
263218,竑嘉,新北市,三重區仁愛街32號之1,02-29752331
294245,分子尾,新北市,三重區仁愛街479號479之1號,02-89857944
996969,天勝,新北市,三重區仁愛街687、689號1樓,02-28571747
276465,元富,新北市,三重區仁義街106、108、110號,02-29869074
189123,天台,新北市,三重區仁德里正義南路13號15號1樓,02-29771812
893873,文興,新北市,三重區文化南路7號,02-89727842
208473,義強,新北市,三重區正義北路131.133號,02-29813001
285931,長壽,新北市,三重區正義北路198號200號1樓,02-29817585
274296,正陽,新北市,三重區正義北路386號388號,02-29822396
275026,義北,新北市,三重區正義北路8號1樓,02-29812234
280888,三重一,新北市,三重區正義南路133號135號,02-29747875
282275,勇福,新北市,三重區永福街115、117號,02-82871465
179632,合康,新北市,三重區永福街179之1及179之2號1樓,02-22807405
214456,先嗇宮,新北市,三重區光復路一段25號27號1樓,02-29990523
231004,泰福,新北市,三重區安和路36、38號,02-29746401
236489,三松,新北市,三重區成功二街50號、52號,02-29742517
235589,成佳,新北市,三重區成功路145巷44、46號,02-29749063
832498,幸福,新北市,三重區自強路一段272號,02-29860690
159465,三好,新北市,三重區自強路四段102號104號1樓,02-89857653
888158,明益,新北市,三重區忠孝路三段61號,02-89882175
283360,長元,新北市,三重區長元街2-2號,02-29777863
173999,重安,新北市,三重區重安街60號及60-1號,02-29724075
262031,修德,新北市,三重區重陽路三段11號13號1樓,02-29874770
259138,捷新,新北市,三重區重新路四段91號91-1號,02-29745184
242082,凱盛,新北市,三重區捷運路19巷4弄19號1樓、2樓,02-29846594
279327,集美,新北市,三重區集美街107號,02-29772012
158945,美慈,新北市,三重區慈愛街52號,02-22860963
293091,前瞻,新北市,三重區新北大道二段258號,02-29996424
278715,慈佑,新北市,三重區溪尾街189號191號,02-89852194
281157,重富,新北市,三重區溪尾街321號323號1樓,02-28571641
279796,美圳,新北市,三重區過圳街14.16號1樓,02-29862234
264211,三田,新北市,三重區福田里三民街274號276號1樓,02-29897011
274517,環德,新北市,三重區福德南路38號1樓,02-29769304
294692,天龍,新北市,三重區龍門路217號219號221號,02-29775504
287007,龍濱,新北市,三重區龍濱路207號209號,02-29769472
252126,集成,新北市,三重區環河南路254巷43之1、43之2號,02-29701031
280109,歐洲,新北市,三峽區三樹路199號,02-26719429
230160,安溪,新北市,三峽區大同路188、190號,02-35012409
240905,峽太,新北市,三峽區大同路90號92號94號,02-86711944
278298,新北大,新北市,三峽區大學路156號1樓,02-26714880
257866,三峽大學路,新北市,三峽區大學路67號69號1樓,02-26739278
230399,山富,新北市,三峽區中山路9號1.2樓,02-86714574
199854,三角湧,新北市,三峽區中正路二段200號,02-86722785
239927,金銘,新北市,三峽區介壽路一段27號,02-86741722
959328,綠雅,新北市,三峽區文化路122號,02-86715490
185925,榮泰,新北市,三峽區文化路63號65巷2號1樓,02-86711644
279051,民昇,新北市,三峽區民生街136號,02-86713134
252654,萬誠,新北市,三峽區民生街25號,02-26748742
250670,中園,新北市,三峽區民權街235號1樓,02-86715297
262673,豐康,新北市,三峽區成福路241號,02-26726462
861131,綠洲,新北市,三峽區鳶山里12鄰中山路186號1樓,02-26717933
187482,北大成,新北市,三峽區學成路301號303號1樓,02-86713490
281766,學勤,新北市,三峽區學勤路105號及大德路211號1樓,02-86721564
283429,祥泰,新北市,土城區中山路38號,02-22679712
211354,央和,新北市,土城區中央路一段307.309號1樓,02-22707885
275495,皇翔,新北市,土城區中央路一段88號1樓、裕民路10-1號.10號.8-1號.8號,02-22645433
217259,高峰,新北市,土城區中央路二段187號,02-22704792
239433,摩漾,新北市,土城區中央路二段61巷21號1樓,02-82733155
282080,虹海,新北市,土城區中央路四段109號111號1樓,02-22678273
186995,頂埔,新北市,土城區中央路四段274號276號1樓,02-22676292
198666,城政,新北市,土城區中正路69號1樓,02-22668017
164375,忠華,新北市,土城區中華路一段185號187號1樓,02-22629661
158646,立金,新北市,土城區立德路70號72號,02-22603255
141969,新亞洲,新北市,土城區亞洲路110號112號1樓,02-22693503
209616,利吉,新北市,土城區延吉街261號,02-82731949
259725,新延,新北市,土城區延和路123號125巷1號,02-82732823
285779,承義,新北市,土城區忠承路22號,02-22696941
956662,城運,新北市,土城區承天路10號、10-1號1樓,02-22688683
214180,承天,新北市,土城區承天路1號,02-22687436
267254,金峰,新北市,土城區明峰街10號12號,02-22707911
239075,德城,新北市,土城區明德路一段139號141號,02-22648474
883924,上北可,新北市,土城區明德路一段232號,02-22668183
996202,聖運,新北市,土城區明德路二段157.159號,02-22730671
207126,聖德,新北市,土城區明德路二段207號1樓,02-82733602
273514,員信,新北市,土城區金城路一段131號1樓,02-82733614
239086,廷寮,新北市,土城區清水路252號254號1樓,02-82627892
253233,皇裕,新北市,土城區裕民路114巷16號1樓,02-22707944
184184,金裕,新北市,土城區裕民路255號1樓,02-22706865
276753,新裕生,新北市,土城區裕民路57號及55巷2號,02-22632523
209627,海廷,新北市,土城區裕民路92巷22弄2號1樓,02-22707430
279774,濬家,新北市,土城區廣明街2號,02-89669773
237105,隆城,新北市,土城區學士路15巷2號17號1樓,02-22647617
266479,城林,新北市,土城區學成路18號20號,02-22706691
284477,學裕,新北市,土城區學成路91巷2號93號1樓,02-22663508
233136,華夏,新北市,中和區工專路110號112號1樓112號2樓,02-89434958
152006,漳和,新北市,中和區中山路二段131-6號,02-22452548
293459,永美,新北市,中和區中山路二段2巷45弄6號8號1樓,02-82454186
266952,圓和,新北市,中和區中正路275號1樓,02-22424612
189086,景鑫,新北市,中和區中正路683號,02-32349418
174590,世紀,新北市,中和區中正路710號1樓K棟,02-82278576
285355,日昇,新北市,中和區中和路326號1樓,02-29273961
183631,廣美,新北市,中和區中和路52號1.2樓,02-82458352
252492,鑫左岸,新北市,中和區中原街120號122號1樓,02-22254620
895710,富興,新北市,中和區中興里復興路277-1號279號,02-22404174
200837,德偉,新北市,中和區中興街162號164號,02-22429271
200457,民華,新北市,中和區民德路270號272號,02-29649342
234999,佑鑫,新北市,中和區立德街180號1樓,02-22225901
238245,景旺,新北市,中和區成功路1號,02-29485754
250496,秀杉,新北市,中和區自立路129號131號,02-29421382
276627,自立,新北市,中和區自立路15巷13號15號1樓,02-29419487
216739,福和,新北市,中和區秀明里大勇街25巷1號1樓,02-29408207
259574,雙秀,新北市,中和區秀朗路三段40.42號,02-29439003
263481,宜安,新北市,中和區宜安路103號1樓,02-29415661
281618,永宜,新北市,中和區宜安路118巷22號24號1樓,02-32333935
292858,保健,新北市,中和區保健路2巷1號1樓,02-89411332
216821,永華,新北市,中和區南山路127巷18弄42號1樓,02-22433147
261360,藍山,新北市,中和區南山路41號43號1樓及南山路37巷2號1樓,02-22455838
261979,永振,新北市,中和區南華路14號,02-22425124
238429,建六,新北市,中和區建六路62號,02-22228354
277756,建一,新北市,中和區建康路101號,02-32343779
282079,員和,新北市,中和區員山路118號120號1樓,02-22214419
253613,員新,新北市,中和區員山路504號,02-22215243
122865,杰明,新北市,中和區泰和街25號1樓,02-22425701
981990,全茂,新北市,中和區連城路469巷9號11號,02-82286711
261382,連勝,新北市,中和區景平路513號連勝街1號,02-22423559
284101,冠德,新北市,中和區景平路71-5號,02-29405370
261463,福美,新北市,中和區景平路756號756之1號758號758之1號,02-22437842
277608,景禮,新北市,中和區景安路100號1樓102號1樓104號1樓,02-22434828
277734,景陽,新北市,中和區景新街29號31號33號,02-22433194
233929,中景,新北市,中和區景新街383巷66號68號1樓,02-29471525
230126,華順,新北市,中和區華安街16巷1號,02-29579425
263470,禧緻,新北市,中和區華新街156號,02-29448161
163877,連通,新北市,中和區圓通路293號,02-22446708
242831,和醫三,新北市,中和區圓通路301號1樓(雙和醫院第三醫大樓),02-22437073
196420,新生,新北市,中和區新生街243號245號1樓,02-22225809
275716,德旺,新北市,中和區壽德街22號1樓,02-29648813
265030,吉客,新北市,中和區德光路90號92號1樓,02-89535763
284112,橋和,新北市,中和區橋和路99號1樓,02-22214135
279925,捷興,新北市,中和區興南路一段81號,02-29423902
260378,飛駝,新北市,中和區興南路二段159巷10號,02-89422923
186825,頂新,新北市,中和區興南路二段49號51號1樓,02-29493001
956835,福臨,新北市,五股區工商路150號152號,02-82921740
259611,工商,新北市,五股區工商路153號153-1號1樓,02-22953192
165703,福泰,新北市,五股區五福路49號51號1樓,02-22933841
890601,水碓,新北市,五股區水碓路14號1樓、16巷2號1樓,02-22917335
977636,新圓山,新北市,五股區成泰路一段191號、193號,02-22926587
248839,成旺,新北市,五股區成泰路三段212號216號218號1樓,02-82922814
985671,利客來,新北市,五股區成泰路三段419號,02-22953384
978640,泰股,新北市,五股區成泰路三段577巷24號,02-22936457
186191,洲子洋,新北市,五股區芳洲八路107號109號111號1.2樓,02-82925292
921149,登福,新北市,五股區登林路76之3號,02-82952765
255941,垶岳,新北市,五股區新五路二段281號1樓及夾層,02-22951274
183402,民揚,新北市,五股區新五路二段572號1樓,02-22952225
234243,芳洲,新北市,五股區新城八路9號,02-22951641
267807,永鑽,新北市,永和區中山路一段110號1樓,02-89214016
189765,永平,新北市,永和區中山路一段149至153號,02-29279417
885698,民光,新北市,永和區中正路166號,02-29459258
163992,潭安,新北市,永和區中正路167號,02-29476442
165541,豫溪,新北市,永和區中正路702巷1號3號及中正路710號1樓,02-29295836
188197,仁愛,新北市,永和區仁愛路128號130號1樓,02-22316781
268040,保福,新北市,永和區仁愛路202巷16號及保福路二段109巷43號,02-86603623
238898,仁寶,新北市,永和區仁愛路266號1樓,02-29272401
211169,園和,新北市,永和區仁愛路267號269號,02-29263845
930981,龍馬,新北市,永和區文化路188號,02-22323194
277871,永和,新北市,永和區文化路7號,02-29291091
238876,有民,新北市,永和區民有街9號11號1樓,02-29495640
181473,永權,新北市,永和區民權路32號34號1樓,02-29440937
265395,新永元,新北市,永和區永元路28號30號,02-29273661
229757,新永愛,新北市,永和區永平路314號316號1樓,02-22331578
281009,宇陽,新北市,永和區永利路77號,02-29252456
251570,富朋,新北市,永和區永和路二段116號,02-29211897
978606,昇庚,新北市,永和區永貞路182號184號,02-82317044
262547,永竹,新北市,永和區竹林路172號174號1樓,02-29266730
810410,永興,新北市,永和區竹林路98號,02-29215441
284145,復美,新北市,永和區秀朗路一段146號,02-29293764
872061,孟揚,新北市,永和區林森路62號,02-29235080
234232,宏圖,新北市,永和區保平路10號12號1樓,02-29265281
286200,保平,新北市,永和區保平路135號,02-29239344
260932,永保,新北市,永和區保平路197號199號1樓,02-29253091
281478,新保捷,新北市,永和區保生路22巷2號1樓,02-82316627
860655,保生,新北市,永和區保安里保生路1號1樓,02-22314015
152062,元坊,新北市,永和區保安路134號136號,02-29285539
251318,秀和,新北市,永和區國中路99號101號,02-22323741
234760,宗美,新北市,永和區福和路76巷2號4號1樓,02-89255722
912282,保鑽,新北市,永和區潭墘里安樂路138號140號,02-29453250
240466,環永,新北市,永和區環河西路二段231號233號1樓,02-22326083
262237,富貴角,新北市,石門區大溪墘2-1號1樓,02-26383246
990204,聯合報,新北市,汐止區大同路一段369號1樓,02-26484793
959292,智慧,新北市,汐止區大同路二段281號,02-86421397
279257,旭昇,新北市,汐止區大同路三段332號,02-86478304
180506,鎮天,新北市,汐止區大同路三段611之5號611之6號1樓,02-26905907
164456,福仁,新北市,汐止區仁愛路143號1樓福安街51號1樓,02-26496368
280280,福安,新北市,汐止區仁愛路178號180號1樓,02-86919702
174121,汐峰,新北市,汐止區仁愛路32號34號1樓,02-26429873
277745,白雲,新北市,汐止區民權街二段79號1樓,02-26606510
128737,富鄰,新北市,汐止區宜興街6號8號1樓,02-26601799
167732,湖前,新北市,汐止區明峰街120號1樓,02-26958128
274698,明峰,新北市,汐止區明峰街179之1號,02-26944744
254432,新旭勝,新北市,汐止區建成路160巷2號,02-26490241
250429,旭泰,新北市,汐止區建成路57巷1號3號,02-26414436
275510,茄安,新北市,汐止區茄苳路259號1樓,02-86477286
230562,鑫東冠,新北市,汐止區康寧街459巷3號1樓2樓5號1樓,02-26949521
274861,汐興,新北市,汐止區連興街150號152號1樓,02-26414578
254524,湖鑫,新北市,汐止區湖前街37號1樓39號1樓,02-26943740
240972,鄉長,新北市,汐止區鄉長路二段16號,02-26917900
174925,東晴,新北市,汐止區新台五路二段80號,02-26481974
251846,青山,新北市,汐止區新興路83-2號,02-86423480
273949,勝福,新北市,汐止區福德一路98號100號(夾層)樓,02-86934526
194435,德厚,新北市,汐止區福德二路189號1樓,02-26956411
267058,汐德,新北市,汐止區福德二路49號.51號.53號,02-26923642
239400,樟福,新北市,汐止區樟樹一路256號258號1樓,02-26434449
891006,潤安,新北市,汐止區龍安路32號,02-26485573
257899,坪林北宜,新北市,坪林區北宜路八段229.231號1樓,02-26658148
125613,新翠華,新北市,板橋區三民路一段31巷14號16號,02-29547438
244387,板和,新北市,板橋區三民路二段145號145-1號153巷1號,02-29553278
243236,板樂,新北市,板橋區三民路二段35巷11號1樓,02-29640581
151380,觀泰,新北市,板橋區大觀路二段174巷166弄2號4號,02-29686509
284765,板府,新北市,板橋區中山路一段158巷4號6號1樓,02-29625901
282172,家豐,新北市,板橋區中山路二段137號1樓,02-29573209
278911,佳翰,新北市,板橋區中山路二段170號,02-29635853
953663,青蘋果,新北市,板橋區中山路二段531巷17弄20號,02-29629746
228112,墩璞,新北市,板橋區中正路106號1樓,02-89697016
921998,緯中,新北市,板橋區中正路21號23號,02-29657833
216153,正華,新北市,板橋區中正路274號276號,02-29681440
891730,佑容,新北市,板橋區五權里五權街49號51號,02-29595675
286325,新板橋,新北市,板橋區文化路一段135號,02-29686041
241034,板依,新北市,板橋區文化路一段188巷38號40號1樓,02-22569422
241698,埔西,新北市,板橋區文化路一段393號1、2樓,02-22557139
211413,丁煌,新北市,板橋區文化路二段227號、229號1樓,02-22554780
239662,文聖,新北市,板橋區文聖街64號1樓.松柏街96號1樓,02-22589508
198910,新海,新北市,板橋區文德里新海路138號,02-82525425
209074,華川,新北市,板橋區四川路二段245巷11.13號1樓,02-89668730
237552,維群,新北市,板橋區四維路139號,02-22596008
183790,維禮,新北市,板橋區四維路276號278號1樓,02-82570705
167846,板維,新北市,板橋區四維路345號347號1樓,02-22546684
275440,新埔站,新北市,板橋區民生路二段232號1.2樓之14、232號1.2樓之15,02-22540159
276007,埔運,新北市,板橋區民生路三段40號42號1樓,02-82524260
293909,泰民,新北市,板橋區民族路222巷13.15號1樓,02-29596511
163730,戰國,新北市,板橋區永豐街173號175號,02-29541991
243878,漢光,新北市,板橋區光正街12號1樓,02-29653875
243937,大合宜,新北市,板橋區合宜路173號1樓,02-29685371
262802,板宏,新北市,板橋區宏國路109.111號,02-22597549
283636,家麒,新北市,板橋區宏國路27號,02-22587476
924665,國和,新北市,板橋區和平路29號,02-89526934
285481,板中,新北市,板橋區府後街4.4-1.4-2號1樓,02-29672743
294061,千群,新北市,板橋區東丘里民享街53號,02-89612979
265225,松林,新北市,板橋區松江街109巷1號松江街107號,02-22509964
136037,金園,新北市,板橋區金門街175號,02-26864776
174992,金林,新北市,板橋區金門街303號305號,02-26843135
284949,板安,新北市,板橋區長安街202.204號,02-29514455
232258,富江,新北市,板橋區長江路一段110.112號1樓,02-22598087
259323,富海,新北市,板橋區長江路一段6號,02-22573656
158602,英海,新北市,板橋區雨農路50號1樓、英士路51巷1號1樓,02-22511636
262813,坤耀,新北市,板橋區南門街39號1F,02-22723226
277826,園林,新北市,板橋區南雅西路二段102號104號1樓,02-89698424
260747,秋雅,新北市,板橋區南雅南路二段144巷14號1樓,02-89669323
260105,重慶,新北市,板橋區重慶路75號75號之2 一樓,02-29570341
294016,大庭,新北市,板橋區國光里6鄰國光路65號1樓,02-29607369
238599,國府,新北市,板橋區國光路184號186號1樓,02-89698428
252034,國庭,新北市,板橋區國光路1號3號1樓,02-29651700
865269,議會,新北市,板橋區莊敬路60號,02-22542852
953087,萬板,新北市,板橋區莒光路221號223號,02-22519201
113779,春秋,新北市,板橋區莒光路40巷16號,02-22567192
280567,華富,新北市,板橋區華江一路501號1.2樓.503號1.2樓,02-22548927
275705,華貴,新北市,板橋區貴興路85號87號1樓,02-29645590
279545,維陽,新北市,板橋區陽明街158號160號1樓,02-22544725
281423,致理,新北市,板橋區陽明街23巷29號1樓,02-22556976
231509,樹溪,新北市,板橋區溪北路43.45號1樓,02-26867092
207919,吉翠,新北市,板橋區裕民街53號1.2樓和55號,02-82570537
284374,僑一,新北市,板橋區僑中一街104號106號,02-29685784
968089,新僑中,新北市,板橋區僑中一街124巷3弄3號,02-29694324
276292,心心,新北市,板橋區實踐路105號107號,02-29584608
147989,新兆圓,新北市,板橋區實踐路34號34-1號1樓,02-89646258
234081,吉佳,新北市,板橋區漢生西路89巷5弄5.7號,02-22547371
115823,雅盛,新北市,板橋區漢生東路181號183號1樓,02-29568540
195977,育軒,新北市,板橋區漢生東路268號270號1樓,02-29517986
950745,漢東,新北市,板橋區漢生東路309號,02-29534142
249429,海山,新北市,板橋區漢生東路310號,02-89611889
280659,民族,新北市,板橋區福祿里民族路310號,02-29575939
910688,糧驛,新北市,板橋區德翠里龍泉街93號、95號1樓,02-22562936
128047,興板,新北市,板橋區德興街20、22、24號,02-89678162
284514,勝多,新北市,板橋區縣民大道三段270巷2-6號,02-29613848
119397,館東,新北市,板橋區館前東路15、15之1、17號1樓,02-29560071
274827,館慶,新北市,板橋區館前東路26號1樓,02-29514559
844907,龍翠,新北市,板橋區雙十路二段138之1號138之2號,02-22538130
217204,懷翠,新北市,板橋區懷德街203號205號1樓,02-22504367
250898,正翔,新北市,林口區中正路285.287號,02-26014007
264808,新林口,新北市,林口區中正路90號92號1樓,02-26035613
281803,長坤,新北市,林口區文化一路一段43號1樓,02-26001344
256678,林口三井,新北市,林口區文化二路一段123號1樓,02-26069475
279431,安林,新北市,林口區文化二路一段24號26號,02-26082671
164892,未來,新北市,林口區文化二路一段571號1樓2樓,02-26035631
968023,采鋺,新北市,林口區文化三路一段368號,02-26007384
287410,旺來,新北市,林口區文化三路二段20號1樓,02-86014442
281065,幸福市,新北市,林口區文化三路二段302號1樓,02-26022319
197386,麗寶,新北市,林口區文化北路一段301號1樓,02-26002592
285551,東學,新北市,林口區東湖路100號1樓,02-26016049
284282,麗興,新北市,林口區麗園一街11巷1號1樓之2,02-26093347
238902,金美,新北市,金山區中山路143號145號,02-24985386
932851,武仁,新北市,泰山區仁愛路100巷26號28號30號,02-29007082
262581,公園賞,新北市,泰山區仁愛路66號,02-85315095
264716,福興,新北市,泰山區全興路165號,02-22979975
280383,滿泰,新北市,泰山區明志路一段28、30號1樓,02-22978381
265247,奕真,新北市,泰山區明志路二段185號1樓(部份),02-22960960
294326,仁泰,新北市,泰山區明志路二段1號,02-29099380
276258,貴賢,新北市,泰山區明志路三段165號1樓2樓、167號1樓,02-29089197
259910,上晟,新北市,泰山區信華五街126號128號1樓,02-85312145
231439,貴志,新北市,泰山區貴子路13.13-1號1樓,02-29047068
277468,泰山,新北市,泰山區楓江路22號24號,02-22975073
188946,十八甲,新北市,泰山區福興一街87號,02-85314338
910552,那魯灣,新北市,烏來區烏來里溫泉街80號,02-26616123
277309,福隆站,新北市,貢寮區福隆里福隆街8號1樓,02-24991826
287476,摩天灣,新北市,淡水區中山北路一段257號1樓,02-26252063
275303,金滬,新北市,淡水區中山路66號1.2樓.66-1號1樓,02-26223092
277859,海正,新北市,淡水區中正東路一段113號115號115-1號,02-26256490
286978,紅林站,新北市,淡水區中正東路二段65號,02-26242082
900429,金寶,新北市,淡水區中正路169號,02-26297608
231451,渡船頭,新北市,淡水區中正路號55號及55-1號,02-26257540
236021,源豐,新北市,淡水區水源街一段118號1樓,02-26210931
265269,源德,新北市,淡水區水源街一段75-2號1樓,02-26265872
961778,淡欣,新北市,淡水區水源街二段104號,02-26210745
289508,淡北,新北市,淡水區北新路117-3號,02-26239014
170107,金星,新北市,淡水區北新路65號,02-26260905
252919,立竹,新北市,淡水區民族路58號1樓2樓,02-88092553
241089,竹圍,新北市,淡水區民權路109號111號1樓,02-28091574
284695,馥竹,新北市,淡水區民權路187巷19號1樓,02-28086729
282091,吉發,新北市,淡水區自強路275號,02-28084565
282770,武強,新北市,淡水區自強路375號1樓,02-28095608
286381,金沙,新北市,淡水區沙崙路133號,02-28057369
282286,鯊魚,新北市,淡水區沙崙路196號,02-28052232
112400,金崙,新北市,淡水區沙崙路24號1樓,02-28055104
286657,布拉諾,新北市,淡水區坪頂路56-8號56-9號1樓,02-86269823
228802,英專,新北市,淡水區英專路91號,02-26215261
282998,川金,新北市,淡水區淡金路一段567號569號571號1樓,02-26221047
286613,金旦,新北市,淡水區淡金路三段254號256號258號,02-26213108
265409,淡海,新北市,淡水區淡海路178號1樓,02-28055394
283740,台北灣,新北市,淡水區新市一路一段108號1樓,02-26236308
241078,金昂,新北市,淡水區新市一路一段99巷51.53號1樓,02-26253846
137764,真善美,新北市,淡水區新市一路三段141號141之1號1樓,02-26297240
287498,新市鎮,新北市,淡水區新市一路三段18號1樓,02-26228481
174039,新春,新北市,淡水區新春街142號1樓,02-26267510
985604,淡江,新北市,淡水區學府路207號,02-26204950
285469,愛琴灣,新北市,淡水區濱海路一段430號432號,02-26239285
261728,鑫庫,新北市,深坑區北深路一段118號120號,02-26645927
187622,北深,新北市,深坑區北深路二段183號,02-26640166
880833,真誠,新北市,深坑區北深路三段263號,02-26642915
963567,埔昇,新北市,深坑區埔新街63號65號1樓,02-26645677
149538,福強,新北市,新店區三民路147之1號149號1樓,02-29161926
250740,美河,新北市,新店區三民路35巷2號,02-29182854
188278,百福,新北市,新店區三民路50號52號1樓,02-29160810
996121,連豐,新北市,新店區大豐路12號,02-89116434
251019,青新,新北市,新店區中山路137號1樓,02-22185931
264680,新福民,新北市,新店區中央路135號1樓,02-22196485
261717,小碧潭,新北市,新店區中央路157號1樓,02-89136445
275989,真親切,新北市,新店區中央路212號214號,02-22199322
996903,百和,新北市,新店區中正路306號308號1樓,02-29128626
258249,新店中正,新北市,新店區中正路396號398號,02-22186254
239640,莊鑫,新北市,新店區中正路503之3號503之4號1樓2樓,02-86673439
189905,正民,新北市,新店區中正路508號1樓,02-82193475
292940,新廣,新北市,新店區中正路542之5號1樓,02-22188613
263355,嶄新,新北市,新店區中正路57-2號1樓,02-89146919
264325,正鵬,新北市,新店區中正路688號690號1樓,02-86672490
278623,楓華,新北市,新店區中華路20號1樓,02-89115356
263344,中行,新北市,新店區中興路一段193號195號1樓,02-29128620
282574,五峰,新北市,新店區中興路一段252號,02-29105740
277343,鎮鑫,新北市,新店區中興路一段289號,02-89146427
244011,裕隆城,新北市,新店區中興路三段70號,02-89145047
288022,裕隆,新北市,新店區中興路三段7號,02-89199389
285333,碧湖,新北市,新店區文中路2號1樓2樓,02-86659633
276801,北宜,新北市,新店區北宜路二段82-2號82-3號1樓,02-22174891
217237,冠冠,新北市,新店區北新路一段231號1樓新生街1號1樓,02-29131493
293622,北新,新北市,新店區北新路一段289號291號,02-29152711
264679,鑫鋒,新北市,新店區北新路一段90號1樓,02-89147643
266457,慶忠,新北市,新店區北新路二段121巷1號,02-29117063
279110,雙鑫,新北市,新店區北新路二段169號,02-86658848
241436,新極景,新北市,新店區北新路二段252-1號,02-29109385
239329,寶新,新北市,新店區北新路二段57號,02-29137463
256715,新店豐和,新北市,新店區央北一路100號,02-22184796
235730,新店寶,新北市,新店區央北二路61、63、65號,02-22183693
263229,權強,新北市,新店區民權路68號,02-29184208
906748,同仁,新北市,新店區民權路96號,02-22187490
991333,新明,新北市,新店區光明街140號,02-29127361
229322,能仁,新北市,新店區光明街38號,02-29106181
212173,公崙,新北市,新店區安民街13號安民街3巷6弄12號,02-22122074
195896,安博,新北市,新店區安民街154號154-1號1樓,02-22125845
253521,及人,新北市,新店區安民街72號,02-86663157
287546,安成,新北市,新店區安成街35號29號,02-86662996
110998,百豐,新北市,新店區安康路一段168號1樓,02-86669386
276579,全新,新北市,新店區安康路二段147號1樓,02-22127952
188407,德玉,新北市,新店區安康路三段195號,02-22144764
275613,康曜,新北市,新店區安康路三段41號1樓,02-22158391
256232,新店雙城,新北市,新店區安康路三段96號,02-22151078
250290,安康,新北市,新店區安德街70號72號1樓+2樓,02-22124641
234494,富貴,新北市,新店區富貴街9巷2號、6號1樓2樓,02-22144820
293817,寶強,新北市,新店區寶中路88號1樓,02-89145258
958901,寶中,新北市,新店區寶慶街66號,02-86653843
199821,寶科,新北市,新店區寶橋路235巷5號1樓,02-89118174
283418,寶隆,新北市,新店區寶橋路69號1樓,02-29175990
152132,寶福,新北市,新店區寶橋路78巷3號1F,02-86653467
228226,寶興,新北市,新店區寶橋路88號1樓,02-29162045
143688,統客,新北市,新店區寶興路49號,02-29143624
275082,都峰苑,新北市,新莊區中央路686號1樓,02-85218624
293356,宜增,新北市,新莊區中平路158號1樓,02-29906376
294108,加州,新北市,新莊區中平路81巷2號,02-29983481
277930,新遠,新北市,新莊區中正路651號之8號,02-29088727
277516,榮和,新北市,新莊區中和街191巷1號3號5號,02-29969860
275761,莊和,新北市,新莊區中和街34.36號,02-29902262
264783,榮信,新北市,新莊區中原里中榮街25鄰90號92號1樓,02-29963682
982627,新福圓,新北市,新莊區五工三路93號1樓,02-22984180
285665,新茂,新北市,新莊區化成路118號120號,02-29900950
188751,新化成,新北市,新莊區化成路213號1樓,02-29920145
166201,原成,新北市,新莊區化成路305號1樓,02-85212445
957355,莊成,新北市,新莊區化成路354號,02-29947258
279280,頭前,新北市,新莊區化成路429-4號,02-85216806
210616,宜家,新北市,新莊區化成路9-2.9-3號,02-29949272
132633,添祥,新北市,新莊區天祥街22號24號1樓,02-29012645
893448,采旺,新北市,新莊區天祥街74號,02-29087919
921714,西盛,新北市,新莊區民安西路113號之1,02-22084323
934776,光華,新北市,新莊區民安西路388、388-1、390、390-1號,02-22073795
284352,新安,新北市,新莊區民安東路185號187號部份1樓,02-22028937
209812,富信,新北市,新莊區自信街46.48號1樓,02-29943073
216348,龍盛,新北市,新莊區西盛街204巷1號1樓206號1樓,02-22029412
142168,鑫福,新北市,新莊區幸福路727號1樓,02-29964324
237194,昌宏,新北市,新莊區昌隆街29、31號1樓,02-29939148
250706,新宏盛,新北市,新莊區後港一路114號,02-22064537
119364,后福,新北市,新莊區後港一路29號,02-22051513
276867,後港,新北市,新莊區後港一路76巷14弄1號1樓,02-22040529
239754,茂源,新北市,新莊區思源路40-1號,02-29949736
238072,復和,新北市,新莊區復興路一段79號81號1樓,02-22769964
235372,新都,新北市,新莊區復興路二段31號1樓,02-29966408
268383,一詮,新北市,新莊區新知八路32號,02-85217064
253129,莊泰,新北市,新莊區新泰路21號,02-22023295
207975,源福,新北市,新莊區福壽街29.31號,02-29949096
194505,美福,新北市,新莊區頭興街186號188號,02-29909254
283119,捷仕堡,新北市,新莊區龍安路15號.龍安路69巷1號,02-29042442
231141,莊年,新北市,新莊區豐年街55號之8、55之9號,02-22049926
252399,雙鳳,新北市,新莊區雙鳳路114號1樓,02-29081398
265834,莊鳳,新北市,新莊區雙鳳路49號51號1樓,02-29076953
259105,莊霖,新北市,新莊區瓊林路59號之77,02-22021842
274078,瑞信,新北市,瑞芳區民生街23號1樓,02-24063884
255826,新野柳,新北市,萬里區港東158號,02-24926282
278003,柳豐,新北市,萬里區港東路162之11號162之12號,02-24927670
953928,俊龍,新北市,樹林區三俊街96號1樓,02-86881124
238326,友勤,新北市,樹林區大有路65號1樓,02-89701627
294533,學林,新北市,樹林區大雅路341號343號1樓,02-26687903
931054,山佳,新北市,樹林區中山路三段85號87號,02-26808909
284341,華鎮,新北市,樹林區中華路381號1樓2樓,02-86867884
916468,武林,新北市,樹林區光華街2號4號6號,02-26887713
151003,大智通,新北市,樹林區佳園路二段70-1號,02-26685036
277192,彭福,新北市,樹林區忠孝街33號35號,02-86862974
244376,大展,新北市,樹林區俊英街252號1樓,02-26876584
130615,慶嶸,新北市,樹林區保安街一段323號323-1號1樓,02-26853064
182812,復育,新北市,樹林區復興路227號1樓,02-26855167
111946,城雅,新北市,樹林區學成路519號1樓,02-89706098
276030,樹新,新北市,樹林區樹新路245號,02-26812205
934606,三暉,新北市,樹林區樹福里復興路1號,02-26868745
293976,蘆信,新北市,蘆洲區三民路26巷33號35號1樓,02-82860102
214641,新天際,新北市,蘆洲區三民路575號,02-28480473
990639,新吉麗,新北市,蘆洲區中山一路204號1樓,02-22889790
287487,前進,新北市,蘆洲區中正路185巷50號52號1樓,02-82812439
215622,蘆正,新北市,蘆洲區中正路261號,02-22827244
155393,雙華,新北市,蘆洲區中華街39號、中華街35巷6號1樓,02-28488245
130327,民仁,新北市,蘆洲區仁愛街58號60號1樓,02-82868495
278461,和華,新北市,蘆洲區正和街28號,02-22899461
260149,正和,新北市,蘆洲區正和街87號89號一樓,02-82811841
286174,新義民,新北市,蘆洲區民族路122號124號,02-22895415
280936,池田,新北市,蘆洲區民族路224號226號1樓,02-82869533
252528,民悅,新北市,蘆洲區民族路316.318號,02-82857843
276144,蘆義,新北市,蘆洲區民義街1.3.5號,02-82854299
871482,統吉,新北市,蘆洲區永平街32巷12弄1號,02-22897033
113377,飛龍,新北市,蘆洲區永安南路二段356號環堤大道2號6號,02-28474291
110552,蘆荻,新北市,蘆洲區永康街1巷35號1樓,02-82862547
264978,光明,新北市,蘆洲區光明路71號,02-82861947
217190,盛發,新北市,蘆洲區光復路10號,02-82867631
251514,憲金,新北市,蘆洲區光華路22巷1號,02-22857237
113285,民欣,新北市,蘆洲區光榮路63號65號67號,02-28473454
187046,泰星,新北市,蘆洲區成功里長安街276號,02-82853450
284008,蘆華,新北市,蘆洲區長安街140號1樓,02-82850614
255561,蘆安,新北市,蘆洲區長安街64號1樓,02-28484952
160166,鷺江,新北市,蘆洲區長榮路679號1樓,02-82855403
238980,蘆興,新北市,蘆洲區長樂路2之6號1樓,02-82869126
960166,蘆樂,新北市,蘆洲區長樂路55號1樓,02-28474074
151128,健倫,新北市,蘆洲區保新里4鄰三民路230號,02-22839655
206569,信義路,新北市,蘆洲區信義路341號341之1號341之2號341之3號1樓,02-82855571
950907,三靖,新北市,鶯歌區三鶯路52號一樓,02-26746991
208912,鳳鳴,新北市,鶯歌區永和街115巷44.46號1樓,02-86775974
165596,元町,新北市,鶯歌區光明街128號130號1樓,02-26708742
215769,歌亭,新北市,鶯歌區尖山里尖山路150號,02-26791544
239499,鶯瓷,新北市,鶯歌區尖山埔路100號102號,02-26776941
207104,金鶯鎮,新北市,鶯歌區尖山路217之3號1樓,02-86773990
179861,樂陶,新北市,鶯歌區尖山路276號1樓,02-26775483
236146,鳳龍,新北市,鶯歌區鳳鳴路541號543號1樓,02-86777645
253680,龍武,新北市,鶯歌區龍五路89號,02-26790702
982328,長虹,新北市,鶯歌區鶯桃路432號1樓,02-26789855
238223,德力,桃園市,八德區大福里介壽路一段134號136號,03-3778096
230218,桃誠,桃園市,八德區公園路160號,03-3673394
210605,大湧,桃園市,八德區東勇二路111號,03-3713287
231071,森豪,桃園市,八德區東勇北路295之1號,03-2180784
254362,湧北,桃園市,八德區東勇街396-1號,03-3712775
182225,迎和,桃園市,八德區金和路52號,03-3634716
882172,國僑,桃園市,八德區建國路1075號,03-3644882
192990,國仁,桃園市,八德區建國路250號256號,03-3680340
287409,桃漾,桃園市,八德區建德路350號,03-3732703
113702,高城,桃園市,八德區高城八街58巷5號1樓,03-2173952
166773,廣隆,桃園市,八德區廣興路195號,03-3732294
180481,福厚,桃園市,八德區興仁里建德路229號,03-3686404
996475,德僑,桃園市,八德區豐德路31號1樓,03-3659877
231288,鑫豐洲,桃園市,八德區豐德路577號建德路20號,03-3681084
113573,果林,桃園市,大園區?林里?林路97號1樓,03-3935321
289368,果佑,桃園市,大園區?林路20號,03-3838716
230920,高青,桃園市,大園區大成路一段2號1樓,03-2876212
232203,北林,桃園市,大園區大成路二段127號129號1樓2樓,03-2870462
268637,江河,桃園市,大園區中正東路三段536巷20號22號,03-3818248
269216,環海,桃園市,大園區科二街1號,03-3862614
196291,航站五,桃園市,大園區航站南路9號5樓,03-3932573
195047,祥綸,桃園市,大園區高鐵北路三段45號,03-3819721
275336,園生,桃園市,大園區新生路四段273號1樓,03-2871264
265063,新田園,桃園市,大園區新興路62號,03-3868997
844745,大溪,桃園市,大溪區中央路152號,03-3871334
110909,翁武,桃園市,大溪區文化路108號1樓,03-3884037
924654,士香,桃園市,大溪區員林路一段228號,03-3072579
289678,康曦,桃園市,大溪區康莊路197號1樓,03-3874259
274676,王子,桃園市,中壢區三光路130號1樓,03-4913785
281973,興東,桃園市,中壢區中山東路三段226號228號228之1號,03-4385696
141453,聖央,桃園市,中壢區中央西路一段78號1樓,03-4228137
135713,勝壢,桃園市,中壢區中央西路一段一號一樓,03-4251981
138538,三光,桃園市,中壢區中央西路二段259號259-1號1樓,03-4029671
255099,大享,桃園市,中壢區中正路1262號1樓,03-4224805
154116,大崙,桃園市,中壢區中正路四段35號,03-4984287
263388,壢美,桃園市,中壢區中美路39號1樓及建國北路55號1樓,03-4268113
137948,美壢,桃園市,中壢區中美路二段72號,03-4222708
278519,成豐,桃園市,中壢區元化路197巷3號1樓,03-4526834
264417,新壢,桃園市,中壢區日新路66號68號,03-4387924
122142,高屋,桃園市,中壢區民族路二段150號152號,03-4945931
159041,金權,桃園市,中壢區光明里中央西路二段49號,03-2813118
277114,吉美,桃園市,中壢區吉林二路77號77之1號1樓,03-4517400
250809,慶福,桃園市,中壢區同慶路277號1樓,03-4379089
982063,正神,桃園市,中壢區成章一街10號12號1樓2樓,03-4615309
277284,成章,桃園市,中壢區成章二街192號,03-4352320
235419,成光,桃園市,中壢區成章二街78號1樓,03-4335716
256254,中壢華強,桃園市,中壢區自強四路64號,03-4513996
283913,中孝,桃園市,中壢區忠孝路248號1樓2樓,03-4517904
276476,雙嶺,桃園市,中壢區松義路111號113號1樓,03-4204993
122326,福記,桃園市,中壢區林森路166號168號,03-4681347
240282,吉豐,桃園市,中壢區長沙路8號10號1樓,03-4285206
146540,長業,桃園市,中壢區長春路23號,03-4535480
268774,Fresh青塘,桃園市,中壢區青昇路318號320號,03-2878920
194974,松容,桃園市,中壢區青溪路一段85號,03-2872042
165024,福瑞,桃園市,中壢區信義里福州路201號,03-4162840
273581,慶和,桃園市,中壢區後寮一路140號142號1樓,03-4163181
180609,青禾,桃園市,中壢區高鐵站前西路二段96號1樓,03-4533841
159063,健行,桃園市,中壢區健行路230號1樓,03-4679214
251813,莊壢,桃園市,中壢區莊敬路199號,03-4536041
251949,立莊,桃園市,中壢區莊敬路805號普騰街38巷18號1樓,03-4632452
944197,華愛,桃園市,中壢區華美一路132號136號1樓,03-4380269
241931,祥勛,桃園市,中壢區華勛街293號1樓,03-4162350
278988,海華,桃園市,中壢區慈惠三街152號154號1樓,03-2806864
138963,新中北,桃園市,中壢區新中北路1018-1號1樓,03-4617466
274470,北原,桃園市,中壢區新中北路239號241號1樓,03-4655694
263908,笙園,桃園市,中壢區新生路738號740號742號1樓,03-4517406
278955,興聖,桃園市,中壢區新生路二段48號1樓,03-4533046
144773,森壢,桃園市,中壢區新興里2鄰林森路30號1樓,03-4583746
256807,高德,桃園市,中壢區聖德路一段450號,03-4256376
275565,榮躍,桃園市,中壢區榮民南路462號464號,03-4650762
894418,惠祥,桃園市,中壢區榮安一街293號,03-4636004
122119,榮安,桃園市,中壢區榮安十三街297號1樓及榮安十四街2號1樓,03-4515728
262787,福州一,桃園市,中壢區福州一街102號1樓,03-4623047
935089,福神,桃園市,中壢區福德路79號81號,03-4631992
212597,青航,桃園市,中壢區領航北路二段60號、民權路四段309號1樓,03-2876564
287029,壢福,桃園市,中壢區廣州路200號202號1樓,03-4589913
253163,新壢智,桃園市,中壢區興仁路二段57號1樓,03-2854198
912352,奇采,桃園市,中壢區興仁路三段115號1樓,03-4378428
210672,龍汶,桃園市,中壢區龍文街33巷2號6號1樓,03-4163082
260138,瓏來,桃園市,中壢區龍昌路308號310號312號1樓,03-4656936
293172,瓏門,桃園市,中壢區龍昌路538號1樓,03-4662035
284499,龍岡,桃園市,中壢區龍東路508號510號1樓,03-4665712
183251,羿龍,桃園市,中壢區龍慈路283號1樓,03-4563734
263551,新街,桃園市,中壢區環北路537號539號543號1樓,03-4617330
284639,環民,桃園市,中壢區環西路2號1樓民族路336號338號1樓,03-4925034
922485,比利,桃園市,平鎮區上海路161號,03-4396297
255365,忠貞,桃園市,平鎮區中山路63之3號63之5號,03-4564991
139287,翁京,桃園市,平鎮區中豐路南勢二段118號,03-4399112
122821,平東,桃園市,平鎮區平東路225號227號229號1樓,03-4607776
287247,禾安,桃園市,平鎮區平德路295號1樓,03-4010391
276694,高民,桃園市,平鎮區延平路二段214號1樓,03-4914028
252067,廣興,桃園市,平鎮區忠孝路69號1樓,03-4953721
942102,金沅,桃園市,平鎮區東勢里金陵路五段255號,03-4506616
284330,宏宇,桃園市,平鎮區金陵路二段104號,03-4288596
206983,揚金,桃園市,平鎮區金陵路二段288號,03-2840911
126454,海利,桃園市,平鎮區長沙街1號1樓上海路115號1樓,03-4398201
153995,京利,桃園市,平鎮區南京路206號,03-4397374
190798,鎮豐,桃園市,平鎮區南豐路99號1樓,03-4699948
920906,開立,桃園市,平鎮區新光路19號21號23號1樓,03-4950392
284684,富寶,桃園市,平鎮區新富五街9號1樓,03-4288651
284318,達義,桃園市,平鎮區義民路199號1樓,03-4022472
253819,廣泰,桃園市,平鎮區廣泰路130號132號1樓,03-4910675
194099,廣耘,桃園市,平鎮區廣泰路212號1樓,03-4029840
293828,廣城,桃園市,平鎮區廣達里廣平街20號24號1樓,03-4924445
241355,德興,桃園市,平鎮區德育路二段3號1樓振興路12號1樓,03-4575450
970624,龍侑,桃園市,平鎮區龍德路8號1樓;龍福路1號1樓,03-4601054
228569,金汲,桃園市,桃園區力行路385巷11號13號1樓,03-3383733
234151,力一,桃園市,桃園區力行路515號1樓,03-2174971
182188,新武陵,桃園市,桃園區上海路82號84號江南八街49號,03-3692146
210845,大權,桃園市,桃園區大同路43號1樓B1樓,03-3380665
251134,有家,桃園市,桃園區大有路457號459號1樓,03-3257574
155430,大有,桃園市,桃園區大有路547號1樓,03-3584876
864886,假日,桃園市,桃園區大有路560號1樓,03-3568448
263827,連埔,桃園市,桃園區大連一街61號正康四街8號1樓,03-3469674
283902,臻愛,桃園市,桃園區大業路一段152號,03-3352178
216555,輕井澤,桃園市,桃園區大業路一段355號357號一樓,03-3565648
249566,三元,桃園市,桃園區大業路一段54號56號1樓,03-3311502
138985,辰興,桃園市,桃園區大興西路一段178號1樓新埔五街83號85號1樓,03-3583730
263045,桃朋,桃園市,桃園區大興西路二段1號1樓,03-3021150
250991,興源,桃園市,桃園區大興西路二段82號1樓,03-3028487
244147,興一,桃園市,桃園區大興路265號,03-3581837
136495,立國,桃園市,桃園區中山東路51號1樓,03-3323125
190776,宏亞,桃園市,桃園區中平路102號1樓,03-2289084
240776,中慈,桃園市,桃園區中正三街411號1樓,03-3551274
193454,桃遠百,桃園市,桃園區中正路20號B1樓,03-3397497
254683,新光信,桃園市,桃園區中正路612號,03-3316920
227957,國悅,桃園市,桃園區天祥七街101號103號,03-3151576
184449,立揚,桃園市,桃園區正光路116號1樓,03-3314841
286808,福倉,桃園市,桃園區正光路425號1樓427號1樓,03-3608304
173678,正康,桃園市,桃園區民光路49號,03-3370054
184232,星宇,桃園市,桃園區永安路739號1樓,03-2161994
242510,吉聖,桃園市,桃園區吉昌街237號1樓,03-3793197
166463,藝德,桃園市,桃園區同德十一街98號100號,03-3258230
255538,雙慶,桃園市,桃園區安慶街84號86號1樓,03-3013836
260611,鼎桃,桃園市,桃園區宏昌六街281號1樓,03-2171897
262651,益壽,桃園市,桃園區延壽街169號171號,03-3922974
988289,桃金,桃園市,桃園區金門二街83號及93號1樓,03-3628357
282585,央晉,桃園市,桃園區青溪一路1號及中央街223號,03-3476159
215873,國藝,桃園市,桃園區南平路185號187號1樓,03-3576015
257811,桃園總圖,桃園市,桃園區南平路301號1樓106櫃位,03-3168695
249876,尊品,桃園市,桃園區建國路41-1號1樓,03-3634561
262477,全鎮,桃園市,桃園區春日路238號240號1樓,03-3398439
283658,春寶,桃園市,桃園區春日路670號1樓,03-3574543
236009,祥儀,桃園市,桃園區桃鶯路457號459號1樓,03-3636469
238315,擎天,桃園市,桃園區桃鶯路50號52號1樓,03-3753250
180573,國力,桃園市,桃園區國際路二段426號428號1樓,03-2170120
940058,國豐,桃園市,桃園區國豐六街25號,03-2174894
174936,莊正,桃園市,桃園區莊二街148號1樓,03-3015412
235660,金萬,桃園市,桃園區莊二街1號1樓,03-3584081
144072,鈺朋,桃園市,桃園區莊敬路二段105號1樓,03-3023234
228547,振聲,桃園市,桃園區復興路389號1樓,03-3354452
130017,慈德,桃園市,桃園區慈德街53號55號57號,03-3575083
275956,謙悅,桃園市,桃園區新埔六街58號60號1樓,03-3151916
249485,經國一,桃園市,桃園區經國路838號1樓,03-3584043
276580,漢揚,桃園市,桃園區漢中路123號1樓,03-3613923
187987,益志,桃園市,桃園區樹仁三街102號,03-3647281
260622,新捷市,桃園市,桃園區龍泉六街49號及龍城一街89號91號,03-3704035
240248,寶山街,桃園市,桃園區寶山街280號1樓,03-3258340
954622,新屋中華,桃園市,新屋區中華路357號1樓,03-4776260
866158,新屋,桃園市,新屋區新生里12鄰中山路367號369號371號,03-4772056
276764,三沅,桃園市,楊梅區三民北路88號1樓,03-4312709
185981,新楊埔,桃園市,楊梅區中興路47號1樓新興街66號1樓,03-4814647
266468,一品,桃園市,楊梅區民生街149號,03-4726319
249430,萬鑫,桃園市,楊梅區民富路三段828號830號1樓,03-4727146
228042,永誠,桃園市,楊梅區永美路385-9號1樓2樓,03-4815483
194228,高達,桃園市,楊梅區金山街302號1樓,03-2888874
249762,大成,桃園市,楊梅區梅山西街10號,03-4781599
142272,高尚,桃園市,楊梅區梅高路二段136巷5號,03-4850532
131906,富崗,桃園市,楊梅區新明街450號,03-4728942
275945,欣高,桃園市,楊梅區楊梅里文德路1號1樓梅高路52-9號,03-4788447
250658,大楊,桃園市,楊梅區楊湖路一段90號92號94號1樓,03-2888571
151689,楊昌,桃園市,楊梅區楊新北路23號,03-4856432
163590,楊興,桃園市,楊梅區楊新路三段331號333號,03-4850364
276948,利新,桃園市,楊梅區楊新路三段8號10號,03-4883112
913540,梅獅,桃園市,楊梅區瑞塘里梅獅路二段231號,03-4814576
920962,富先,桃園市,楊梅區萬大路111號113號1樓,03-4312760
231772,凰舞,桃園市,楊梅區萬大路116巷59號,03-4828930
241964,電研所,桃園市,楊梅區電研路99之2號99之3號1樓,03-4905483
982557,駿躍,桃園市,楊梅區環南路132號1樓,03-4780803
241067,鑽石,桃園市,龍潭區八德里梅龍路23鄰139號141號1樓,03-4700461
251916,渴望村,桃園市,龍潭區三和里渴望路428號B1樓,03-4071070
973036,新友達,桃園市,龍潭區三和里新和路1號B棟7樓,03-4072501
886646,正同,桃園市,龍潭區中正里15鄰中正路472號474號,03-4808831
239330,同華,桃園市,龍潭區中正里龍華路396號1樓,03-4898471
122692,龍德,桃園市,龍潭區中興路460號462號,03-4707206
287269,豐彩,桃園市,龍潭區中豐路398號1樓,03-4795793
241517,龍池,桃園市,龍潭區中豐路上林段187號189號1樓,03-4993671
281892,龍逸,桃園市,龍潭區民族路372號374號1樓,03-4794078
250717,百年,桃園市,龍潭區烏樹林里中豐路317號１樓,03-4700905
257246,龍潭神瓏,桃園市,龍潭區神龍路37之1號,03-4092397
253598,山民,桃園市,龜山區三民路100號,03-3198039
244055,興強,桃園市,龜山區中興路一段14號16號,03-3206055
282334,庚大,桃園市,龜山區文化一路259號B1樓,03-2118165
185855,愿景,桃園市,龜山區文化一路42號,03-3974428
273293,統文,桃園市,龜山區文化七路179號1樓,03-3185635
982214,鑫華夏,桃園市,龜山區文化二路28-1號28-2號28-3號1樓,03-2115130
182834,緯華,桃園市,龜山區文化二路34巷14弄12號14號1樓,03-3277973
200996,廣華,桃園市,龜山區文化三路386號1樓,03-2115427
166681,富亨,桃園市,龜山區文青路206號208號210號1樓,03-3275307
289025,郵政園區,桃園市,龜山區文信路286號1樓,03-3978854
110080,千禧,桃園市,龜山區光峰路千禧新城15號1樓,03-2134732
972310,忠湖,桃園市,龜山區忠義路二段630號,03-3287847
151900,柏魁,桃園市,龜山區振興路1021之1號,03-3503111
153478,陸光,桃園市,龜山區陸光路83號85號1樓,03-2132406
275211,庚亞,桃園市,龜山區復興一路150號1樓,03-3974676
184922,新九揚,桃園市,龜山區復興一路264號1樓,03-3274670
971616,新長明,桃園市,龜山區復興一路62號1樓,03-3961534
210454,長林,桃園市,龜山區復興街5號地下層,03-3287173
120917,頂湖,桃園市,龜山區新興街240號242號244號1樓,03-3277012
268198,樂泰,桃園市,龜山區新興街82號86號,03-3973912
957768,光峰,桃園市,龜山區楓樹里光峰路296號298號一樓,03-3209796
180377,萬龍,桃園市,龜山區萬壽路一段307號309號1樓,02-82001015
924573,嶺頂,桃園市,龜山區萬壽路二段6巷35號,03-3192515
285920,龜山銘傳,桃園市,龜山區德明路152號154號1樓,03-3504227
274964,宜峰,桃園市,龜山區樂善三路112號,03-3275417
283614,富敦,桃園市,龜山區樂學三路83號1樓,03-3277894
267346,竹星,桃園市,蘆竹區上興路129號,03-3137704
199360,上興,桃園市,蘆竹區上興路251號253號1樓,03-3135392
294072,竹盈,桃園市,蘆竹區大竹里大新路133號1-3樓,03-3135745
993502,航竹,桃園市,蘆竹區大竹路408號1樓,03-3231007
922474,八角店,桃園市,蘆竹區大竹路5號,03-2151993
180089,亮亞,桃園市,蘆竹區大福路189號,03-3231648
228318,上青,桃園市,蘆竹區中山路12之2號1樓,03-3229405
864462,航空,桃園市,蘆竹區中正路304號,03-3223603
286886,鑫興,桃園市,蘆竹區中興路528號,03-3138517
263296,錦明,桃園市,蘆竹區光明路二段102號1樓,03-3116303
210498,吉翔,桃園市,蘆竹區吉林路130號1樓,03-3530673
252735,吉福,桃園市,蘆竹區吉林路167號1樓,03-2126804
239031,國邦,桃園市,蘆竹區忠孝西路206號1樓,03-3522987
288321,樂嘉,桃園市,蘆竹區長興路二段76號1樓,03-3242835
181141,桃捷,桃園市,蘆竹區南山路三段98號100號1樓2樓,03-3244919
283843,景竹,桃園市,蘆竹區南竹路五段200號1樓,03-3134014
992510,台茂城堡店,桃園市,蘆竹區南崁路一段112號2樓,03-2123583
941132,錦坎,桃園市,蘆竹區南崁路一段76號78號,03-3118092
279958,順舜,桃園市,蘆竹區南順六街22號24號26號,03-3228620
149295,航福,桃園市,蘆竹區南福街97號99號,03-3229743
952327,蘆航,桃園市,蘆竹區南興里南昌路18號1樓,03-3124710
258054,濰坊,桃園市,觀音區大觀路一段311號1樓,03-4834752
121448,富中,桃園市,觀音區中山路二段925號,03-2820766
257268,觀高,桃園市,觀音區文中路30號,03-2824165
266480,崙萍,桃園市,觀音區忠愛路一段339號,03-4985133
235523,Fresh千塘,桃園市,觀音區莊敬路377號379號,03-4839293
976688,正國,新竹市,北區中正路286之1號一樓,03-5436459
240101,正御,新竹市,北區中正路309號1+B1樓,03-5430369
132297,空軍,新竹市,北區中正路385號387號1樓,03-5430162
193122,北大門,新竹市,北區北門街96號1樓,03-5259596
249832,恆新,新竹市,北區民富里7鄰北大路342號,03-5242900
174176,竹森,新竹市,北區光華東街105.107號,03-5424164
241986,東竺,新竹市,北區竹光路498號,03-5264611
254339,磐石,新竹市,北區西大路740號1樓,03-5338457
249821,竹城,新竹市,北區西門里中山路100號,03-5250326
275635,世達,新竹市,北區延平路一段159號1樓,03-5268728
286680,盛天,新竹市,北區延平路三段545號,03-5369457
234380,東延,新竹市,北區延平路三段590號1樓,03-5365573
274562,竹陵,新竹市,北區東大路二段174號,03-5153239
249810,東中,新竹市,北區東門街194號1+B1樓,03-5212078
231200,武陵,新竹市,北區武陵路63號1樓,03-5409439
236755,金采,新竹市,北區金雅路62號,03-5426032
293758,新竹金農,新竹市,北區金農路2號,03-5429700
228503,冠亨,新竹市,北區南寮里東大路四段123號,03-5361884
251145,大潤,新竹市,北區湳雅里22鄰湳雅街46號,03-5359394
184025,新悅,新竹市,北區經國路二段188號190號1樓,03-5428767
970451,世界先進,新竹市,東區力行路9號2樓,03-5778992
215910,迎竹,新竹市,東區大學路1001-2號,03-5165987
211859,水水,新竹市,東區水源街69號1樓,03-5165479
920032,千久,新竹市,東區民主路154號156號,03-5338512
252506,竹博,新竹市,東區民生路226號,03-5152946
137030,新竹民,新竹市,東區民族路114號116號1樓,03-5341957
283784,雙民,新竹市,東區民族路205號1樓,03-5347583
293541,日光,新竹市,東區民權路100號1樓,03-5427853
194619,寶捷,新竹市,東區田美三街35號,03-5340151
240190,梅竹,新竹市,東區光明里14鄰大學路56號58號60號,03-5714668
253691,科有,新竹市,東區光復路一段531巷70-1號,03-5779289
164962,清大,新竹市,東區光復路二段101號,03-5166254
250913,自興,新竹市,東區自由路69號,03-5354292
279589,東民,新竹市,東區忠孝路149號,03-5723680
262396,保忠,新竹市,東區忠孝路1號,03-5738890
278667,佑忠,新竹市,東區忠孝路430號432號,03-5619024
972262,煙波,新竹市,東區明湖路967號1樓,03-5296586
991506,新勝,新竹市,東區東光路75號1樓,03-5715124
294739,東環,新竹市,東區東門街33號,03-5266382
980735,鑫旭升,新竹市,東區東南街98號1樓,03-5619048
233882,金山里,新竹市,東區金山街207號1樓,03-5778270
253989,金山街,新竹市,東區金山街30號1樓,03-5794468
275509,公學,新竹市,東區建功一路93號,03-5748532
267276,馬偕兒,新竹市,東區建功二路28號B1,03-5716143
250511,金功,新竹市,東區建功二路2號及6號1樓,03-5738402
281124,高清,新竹市,東區建功里建功路6號1樓,03-5737884
180090,文清,新竹市,東區建功路49號1.2樓,03-5744701
922566,新竹友達,新竹市,東區科學園區力行二路1號,03-5789976
236157,學圓,新竹市,東區科學園路54號1樓,03-6687254
278863,東品,新竹市,東區食品路146號1樓,03-5618092
233309,鴻川谷,新竹市,東區埔頂二路101號,03-5798219
264864,埔竹,新竹市,東區埔頂二路148號1樓,03-5781471
267483,富禹,新竹市,東區埔頂三路6號,03-6687604
123190,寶豐,新竹市,東區高峰路536巷58號之1,03-5294018
284592,高灃,新竹市,東區高翠路331號1樓,03-5670804
155131,富首,新竹市,東區慈濟路230號1樓,03-5678054
235040,寶食,新竹市,東區新光里1鄰食品路389號1樓,03-5626647
249164,復全,新竹市,東區新莊里長春街11.13號1樓,03-5771145
920216,翊銘,新竹市,東區新莊街182號186號,03-5774378
924919,學英,新竹市,東區學府路37號,03-5728236
198699,聯發科,新竹市,東區篤行一路1號,03-5679040
941914,新親仁,新竹市,東區親仁里仁愛街30號1樓,03-5336597
239673,關新,新竹市,東區關新路179號1樓,03-5782449
185257,藍海,新竹市,東區關新路21號1樓,03-5679182
216197,禾雅,新竹市,東區鐵道路一段66號,03-5423106
260998,鎵華,新竹市,香山區中華路六段131.133.135號1樓,03-5183412
261304,香山,新竹市,香山區牛埔路447號,03-5300114
274366,東君,新竹市,香山區東華路14號1樓,03-5305077
230230,鑫大庄,新竹市,香山區香山里大庄路75、77號1樓,03-5401797
228961,豪順,新竹市,香山區香山里瑞光街23號,03-5386259
238131,東香,新竹市,香山區頂埔路2號,03-5402700
259172,新三民,新竹縣,竹北市三民路202、206號1樓,03-5528354
236906,竹杉,新竹縣,竹北市中山路303號(臨),03-5559473
234944,北泱,新竹縣,竹北市中央路200號1樓,03-5517352
273880,銓國,新竹縣,竹北市中正西路244.246號,03-5534785
282943,中新,新竹縣,竹北市中正西路389號1樓,03-5559619
131456,竹崙,新竹縣,竹北市中華路153號1樓,03-5539359
883315,飛利浦,新竹縣,竹北市中華路548號550號,03-5544216
261326,竹北中華,新竹縣,竹北市中華路881號1樓,03-5535441
181602,大硯,新竹縣,竹北市文興路311號,03-6688042
268442,生醫,新竹縣,竹北市生醫路二段22號1樓,03-6672592
283267,明采,新竹縣,竹北市光明一路158號1樓,03-5587067
264071,新縣政,新竹縣,竹北市光明九路12號1樓,03-6568254
273857,北崙,新竹縣,竹北市光明三路35.37號1樓,03-5558347
239318,光揚,新竹縣,竹北市光明六路247號249號251號一樓,03-5588571
264440,強鹿,新竹縣,竹北市自強北路256號1樓,03-6577734
923226,鹿家,新竹縣,竹北市自強南路136號,03-5509423
231473,鳳杉,新竹縣,竹北市長青路二段251-1號臨,03-5562482
210801,印月,新竹縣,竹北市科大一路140號1樓,03-5584561
241953,星空,新竹縣,竹北市高鐵七路167號1樓,03-6580441
261599,禾遠,新竹縣,竹北市莊敬五街13號,03-6585974
122038,宇軒,新竹縣,竹北市勝利二路85號1樓,03-6576632
180322,采虹,新竹縣,竹北市勝利八街一段345.347號1樓,03-6583504
274001,大勝,新竹縣,竹北市勝利十一路101號,03-6681541
285850,新北竹,新竹縣,竹北市博愛街358.360號1樓,03-5554064
294359,竹北復興,新竹縣,竹北市復興二路68號 嘉豐七街60號62號66號,03-6582411
193487,豐富,新竹縣,竹北市復興三路一段105號1樓,03-6670394
199429,竹樺,新竹縣,竹北市華興街298號1樓,03-5516946
288251,嘉政二,新竹縣,竹北市嘉政二街51號,03-6589421
237828,家安,新竹縣,竹北市嘉興路168巷2號,03-6670625
281250,家興,新竹縣,竹北市嘉豐五路二段168號1樓,03-5502894
252078,鐵興,新竹縣,竹北市嘉豐六路二段16號.18號.12號部分,03-6579784
278128,豐禾,新竹縣,竹北市嘉豐六路二段76號1樓,03-6586194
251857,六家,新竹縣,竹北市福興東路二段105號1樓,03-6672052
253727,福崙,新竹縣,竹北市福興路705號1樓,03-5558473
279350,縣科,新竹縣,竹北市縣政二路南段103號,03-5585349
211099,環鑫,新竹縣,竹北市環北路五段61號1樓,03-5556139
252964,長政,新竹縣,竹東鎮中正路15號1樓,03-5103216
188979,東鑽,新竹縣,竹東鎮北興路三段517號519號,03-5963395
130707,菄族,新竹縣,竹東鎮民族路66號1樓,03-5822817
268855,安筌,新竹縣,竹東鎮竹中路87-1號,03-5827960
277675,東亭,新竹縣,竹東鎮和江街2號6號,03-5104097
293596,富正,新竹縣,竹東鎮東寧路一段261號1樓,03-5110382
871976,光春,新竹縣,竹東鎮長春路三段253號,03-5952490
239064,朝陽,新竹縣,竹東鎮朝陽路70號72號74號1樓,03-5103109
181691,宥昌,新竹縣,芎林鄉文富街100號1樓,03-5926051
286440,力成貳,新竹縣,湖口鄉三民路7號B1,03-5974877
278841,鑫力成,新竹縣,湖口鄉大同路10號6樓,03-6960841
285447,力成三,新竹縣,湖口鄉大同路15之1號6樓,03-6960346
287144,力成科,新竹縣,湖口鄉大同路26號6樓,03-5972154
268109,緯創N2,新竹縣,湖口鄉工業三路2號(B1員工餐廳),03-6960494
187091,湖崗,新竹縣,湖口鄉中山路二段430號,03-5995848
250625,湖山,新竹縣,湖口鄉中山路三段487號489號,03-5901262
243856,湖口達成,新竹縣,湖口鄉中正村中正六街220號,03-5905023
123363,湖口,新竹縣,湖口鄉中正路一段34號、36號,03-5994895
276340,新湖工,新竹縣,湖口鄉中華路54號,03-5974942
242141,安順,新竹縣,湖口鄉永安街66號68號1樓,03-6960675
242565,悠揚,新竹縣,湖口鄉安宅八街1號3號1樓,03-5974482
234933,湖功,新竹縣,湖口鄉成功路423號1樓,03-5902873
257039,湖口成功,新竹縣,湖口鄉成功路616號、616-1號,03-5902064
863458,醫湖,新竹縣,湖口鄉孝勢里忠孝路20號22號,03-5904938
209982,湖貫,新竹縣,湖口鄉新興路486號,03-5575025
293068,湖口大智,新竹縣,湖口鄉鳳凰村仁興路1巷27號29號1樓,03-5979953
242705,德和,新竹縣,湖口鄉德盛村德興路148、150、152號1樓,03-5908069
273592,新埔,新竹縣,新埔鎮中正路221號,03-5887237
137535,埔田,新竹縣,新埔鎮中正路5號7號1樓,03-5882584
893655,埔中,新竹縣,新埔鎮中正路617號619號621號,03-5888775
230894,埔山,新竹縣,新埔鎮文山路犁頭山段936號,03-5891755
236283,翰聖,新竹縣,新埔鎮田新路476號478號1樓,03-5887757
284606,源冠,新竹縣,新豐鄉尚仁街92號1樓,03-5572871
121460,冠華,新竹縣,新豐鄉忠孝村員山148之2號1樓,03-5577964
137524,冠宇,新竹縣,新豐鄉忠孝路1號,03-5578596
988038,世豊,新竹縣,新豐鄉建興路一段173號175號一樓,03-5590282
962977,新庄子,新竹縣,新豐鄉建興路二段752號1樓,03-5597054
154943,欣樂,新竹縣,新豐鄉康樂路一段358號,03-5577364
255918,明昇,新竹縣,新豐鄉新市路168號,03-5578145
967282,新高湖,新竹縣,新豐鄉新興路403號1樓,03-5571841
210029,學府居,新竹縣,新豐鄉學府街45號47號,03-5575470
142928,華科,新竹縣,橫山鄉橫山村9鄰中豐路一段100號1樓,03-5931167
130475,關西,新竹縣,關西鎮正義路286-1號1樓,03-5171983
257970,F20B,新竹縣,寶山鄉科環路1號,03-5636688
912927,台積二,新竹縣,寶山鄉園區三路121號B1,03-5797355
183343,進一廠,新竹縣,寶山鄉園區三路123號,03-5798620
873020,菁英,苗栗縣,大湖鄉明湖村中正路107號,037-995624
141154,大大,苗栗縣,公館鄉大同路160號162號1樓,037-229711
215666,真開,苗栗縣,竹南鎮大厝里開元路412號1樓,037-482127
276281,天文,苗栗縣,竹南鎮天文路176號,037-633952
256782,照南,苗栗縣,竹南鎮佳興里至善街2號,037-479931
137557,國豪,苗栗縣,竹南鎮延平路170號,037-470992
233608,科金,苗栗縣,竹南鎮科專六路275號,037-581763
233848,竹圍仔,苗栗縣,竹南鎮復興路380號,037-467194
235475,海心,苗栗縣,竹南鎮開元路549號,037-552405
121080,龍宸,苗栗縣,竹南鎮營盤里博愛街367號1樓,037-466904
167329,新卓蘭,苗栗縣,卓蘭鎮興南街318號,04-25897961
230838,龍樂,苗栗縣,後龍鎮大庄里中山路426號,037-728683
288158,鉅山,苗栗縣,後龍鎮灣寶里下彎寶庄128之5號、128之6號,037-431238
932105,山腳,苗栗縣,苑裡鎮山腳里七鄰山腳157號,037-745613
953272,田馨,苗栗縣,苑裡鎮田心里田心段36之3號,037-854380
209317,社苓,苗栗縣,苑裡鎮社苓里12鄰131-4號,037-745591
234597,金世桔,苗栗縣,苑裡鎮客庄里世界路二段148號,037-855210
164331,栗華,苗栗縣,苗栗市中華路78號,037-278968
261278,源栗,苗栗縣,苗栗市水源里14鄰中正路1402號,037-375346
293895,鑫正發,苗栗縣,苗栗市正發路196號,037-333281
276188,苗栗,苗栗縣,苗栗市民族路99號101號1樓,037-371479
993085,苗豐,苗栗縣,苗栗市為公路167-1號,037-266930
267025,為公,苗栗縣,苗栗市為公路602號,037-269423
250315,瑛才,苗栗縣,苗栗市英才路109號,037-374256
293563,苗鑫,苗栗縣,苗栗市國華路1092號,037-374655
952626,苗碩,苗栗縣,苗栗市維新里新東街219號,037-321719
281733,源昌,苗栗縣,苗栗市橫車路111號1樓,037-371680
882563,通霄,苗栗縣,通霄鎮中正路19號,037-760451
181037,通高,苗栗縣,通霄鎮內湖里12鄰烏眉路308號,037-760192
923167,大坪,苗栗縣,造橋鄉大西一街100號1樓,037-544653
255217,後庄,苗栗縣,頭份市中央路603、605號,037-674612
121552,新華,苗栗縣,頭份市中華路755號及民生街2號,037-672649
112857,永和山,苗栗縣,頭份市水源路206號1樓,037-692143
121367,貞豪,苗栗縣,頭份市永貞路一段128號1樓,037-635612
208392,龍陽,苗栗縣,頭份市光華北路150號,037-620156
931825,尖豐,苗栗縣,頭份市尖下里尖豐路316號1樓、320巷2、6號1樓,037-616773
211985,潘桃,苗栗縣,頭份市成功里6鄰信東路280號,037-685792
212542,新昌隆,苗栗縣,頭份市昌隆一街31.33號,037-695171
208196,尚順,苗栗縣,頭份市東民五街1號和3號,037-592995
933164,淇丞,苗栗縣,頭份市建國路二段128號,037-673025
287926,順丞,苗栗縣,頭份市建國路二段245號,037-675221
242543,頭份公園,苗栗縣,頭份市後庄里公園六街9號,037-636205
284651,昶誼,苗栗縣,頭份市後庄里幼英街131號1樓,037-676674
282389,頭屋,苗栗縣,頭屋鄉尖豐路118號120號1樓,037-251643
232421,頭獎,苗栗縣,頭屋鄉頭屋村尖豐路49號,037-251855
951737,大安港,台中市,大甲區大安港路118號,04-26804055
903831,日南,台中市,大甲區日南里青年路130號,04-26821781
971926,鈺英,台中市,大甲區育英路283號,04-26765542
971971,新政,台中市,大甲區信義路193號,04-26761738
228341,茂華,台中市,大甲區蔣公路170號1樓,04-26805206
243351,大安綻,台中市,大安區海墘里11鄰東西六路二段189號,04-26803877
210971,中蔗,台中市,大肚區中蔗路39號,04-26916897
275978,東里,台中市,大里區大里路295號1樓,04-24060269
165035,新永大,台中市,大里區大明路340號1樓,04-24823074
233435,東峰,台中市,大里區大峰路429號,04-24967513
954585,樹王,台中市,大里區文心南路1252號,04-24077449
980207,新堤,台中市,大里區立德里甲堤南路71號,04-22759206
238614,內鑫,台中市,大里區東昇里新仁路二段92號,04-24835542
182764,新榮,台中市,大里區東榮路552號,04-24062770
874296,益民,台中市,大里區東興里10鄰大明路238號,04-24815624
285034,美群,台中市,大里區美群路60號,04-24950645
131087,國光,台中市,大里區國光路二段257號1樓,04-24064271
267531,爽文,台中市,大里區爽文路692號1樓永隆二街189號191號1樓,04-24067916
275990,蘋果,台中市,大里區善化路155號,04-24913426
211860,愛心,台中市,大里區愛心路43號,04-24068721
257316,鑫明,台中市,大里區新明路14.16號1.2樓,04-24839772
151508,亞和,台中市,大雅區中山北路410號,04-25602429
230492,亞旺,台中市,大雅區中清東路240號,04-25603216
268730,六寶,台中市,大雅區中清路四段656之1號,04-25605825
257741,雅楓,台中市,大雅區民生路三段472號,04-25601076
114624,佳積,台中市,大雅區科雅六路1號,04-25694520
962988,神林,台中市,大雅區神林南路144號,04-25688503
114691,環太,台中市,大雅區雅環路一段330號,04-25674424
174372,雅潭,台中市,大雅區學府路209號,04-25685151
264543,興府,台中市,大雅區學府路51號,04-25677731
276513,鑫華新,台中市,中區中華里中華路一段75號77號及民族路218號,04-22293905
285654,市鑫,台中市,中區自由路二段9號1樓,04-22255056
264152,新勤益,台中市,太平區中山路一段217號,04-23922680
280682,盛民興,台中市,太平區中山路二段366號、366-1號、368號1樓,04-23926373
993708,精中,台中市,太平區太平一街220號,04-22798881
231037,立功,台中市,太平區育才路446.448.450號,04-23935452
229539,育見,台中市,太平區育賢路321.323號,04-23934176
280291,東村,台中市,太平區東村路200號,04-23511075
277273,功興,台中市,太平區建興路47號,04-22769121
196419,振福,台中市,太平區振福路361巷6號1樓,04-23954989
249418,溪洲,台中市,太平區新平路二段221號1樓,04-22795623
123569,尚晉,台中市,太平區新平路三段1號1樓,04-23911323
282345,金興,台中市,太平區新興路312號1樓,04-23957220
285311,維樂,台中市,太平區溪州西路98號,04-22763978
188441,新樹孝,台中市,太平區樹孝路48號50號1樓,04-23910886
195368,豐年,台中市,太平區環太東路345號,04-23934446
275406,健太,台中市,北屯區太原路三段1138號,04-24367881
193155,順太,台中市,北屯區太順路112號1樓,04-24369416
285780,陽旭,台中市,北屯區北屯路200巷1號及北屯路200-1號一樓、地下一層,04-22338842
988267,松豪,台中市,北屯區四平路218號,04-24214950
951069,丰瑞,台中市,北屯區四民里四平路563號,04-24214855
294131,后庄,台中市,北屯區后庄里后庄路141號1樓,04-24251026
264934,昌平,台中市,北屯區昌平路一段70號,04-22326743
277697,昌旺,台中市,北屯區昌平路二段12之16號,04-22474819
293688,昌盛,台中市,北屯區昌平路二段45號之8及45號之9,04-24224542
295134,東加,台中市,北屯區東山路一段185號,04-24364709
215987,環東,台中市,北屯區東山路一段306-1號1.2樓及環中東路二段268號1樓,04-24360442
950295,松強,台中市,北屯區松安里崇德六路一段47號,04-22432398
285883,軍松,台中市,北屯區松竹五路二段199號,04-24366314
256025,北屯松和,台中市,北屯區松和街80號1樓,04-22470746
230193,松賀,台中市,北屯區松茂里松山街148號1樓和地下層,04-22474267
991975,青河,台中市,北屯區青島路三段155號1樓,04-22362409
287915,東興一,台中市,北屯區南興一路136號,04-24365715
184302,富宇,台中市,北屯區建和路二段273.275號,04-24367450
111212,軍福,台中市,北屯區軍功路一段500號,04-24376717
277413,松潭,台中市,北屯區軍功路二段183號1樓,04-24392157
234874,旅順路,台中市,北屯區旅順路二段357、359號1樓,04-22471927
252610,國校,台中市,北屯區國校巷16號,04-22336256
229779,北屯幸福讚,台中市,北屯區崇德十六路218號,04-24211641
231510,后探,台中市,北屯區崇德十路二段361號,04-24261779
264750,鑫巴黎,台中市,北屯區崇德路二段199號1樓,04-22491770
261038,崇尚,台中市,北屯區崇德路二段450號1樓,04-22411034
254030,豐樂,台中市,北屯區崇德路三段608號,04-24222105
232775,祥順,台中市,北屯區祥順路二段93.95號,04-24369480
282253,福寶,台中市,北屯區陳平路50號,04-22935012
230931,敦富,台中市,北屯區敦富路371號1樓,04-24361081
234807,巨富,台中市,北屯區敦富路807號1樓,04-24364099
236179,景賢八,台中市,北屯區景賢八路228號1樓,04-24362314
207388,景大和,台中市,北屯區景賢路191號,04-24364416
200701,欣花園,台中市,北屯區華美西街二段478號,04-22937902
910998,逢運,台中市,北屯區雷中街95號,04-22984055
111485,熱陽,台中市,北屯區熱河路二段217號,04-22425271
231668,湧順,台中市,北屯區樹孝路666號,04-24367340
921013,大坑,台中市,北屯區橫坑巷28-1號,04-22398412
284880,興昌,台中市,北屯區興安路二段62號1樓,04-22435875
144038,醫德,台中市,北區大德街87號1樓,04-22075331
285436,汶莊,台中市,北區中清路一段102號1樓,04-22063620
285975,雅津,台中市,北區天津路二段9號.11號,04-22939278
875093,合作,台中市,北區自強一街1號,04-23608343
120939,忠權,台中市,北區忠明路426號1樓,04-22061836
285986,平西,台中市,北區陜西路107號109號,04-22936706
286819,陜西,台中市,北區陜西路48號48之1號1樓,04-22918766
132921,健興,台中市,北區健行路354號,04-22363079
261016,益華,台中市,北區健行路49號1樓,04-22301107
252403,健勝,台中市,北區健行路701號,04-22082596
250186,豐華,台中市,北區崇德里進化北路148號1樓及榮華街121號1樓,04-22378824
273983,庚樺,台中市,北區崇德路一段143之2號,04-22349868
110987,淡溝,台中市,北區淡溝里民權路361號1樓,04-22065373
264646,永進,台中市,北區進化北路297號,04-22354637
230539,新通豪,台中市,北區漢口路三段101號,04-22991400
283809,漢華,台中市,北區漢口路五段60號62號66號1樓,04-22355816
263816,賴厝,台中市,北區漢口路四段102號1樓.地下樓,04-22994792
281364,婷婷,台中市,北區學士路67號69號1樓,04-22081433
923558,新石岡,台中市,石岡區明德路118號,04-25724608
193708,泰安綻,台中市,后里區九甲七路400號 (北上小客車商場內7-11),04-25588315
193720,泰安三,台中市,后里區九甲七路400號(北上大巴停車區前7-11),04-25588274
142478,美光,台中市,后里區三豐路四段369號,04-25584700
966913,后冠,台中市,后里區民生路1號,04-25581232
263436,月眉,台中市,后里區民生路226.228號1樓,04-25570109
112134,后興,台中市,后里區甲后路一段1202號1樓,04-25589357
209683,后宥,台中市,后里區甲后路一段955號,04-25587727
981325,后糖,台中市,后里區甲后路二段363號,04-25584498
193694,泰安一,台中市,后里區安眉路113號(南下小客車商場內7-11),04-25588403
228204,后成,台中市,后里區成功路231巷2號,04-25587533
235143,新麗寶,台中市,后里區福容路201號1樓,04-25586466
120168,尚仁,台中市,西屯區上仁街139號,04-24527497
235017,櫻沐,台中市,西屯區大河一巷三弄1號、3號1樓,04-23159618
265270,墩十九,台中市,西屯區大墩19街186號,04-23102205
188924,隆恩,台中市,西屯區大墩十八街116號1樓,04-23103957
233734,小滿,台中市,西屯區中工三路220之20號,04-23588272
250418,文心,台中市,西屯區文心路三段76號、78號,04-23138420
149114,逢大一,台中市,西屯區文華路100號1樓,04-24527714
285090,展騰,台中市,西屯區台灣大道三段688號690號,04-24524805
110884,桂冠,台中市,西屯區四川路120號1樓,04-23117162
993498,豐慶,台中市,西屯區甘肅路一段196號及198號1樓,04-23164548
128553,甘肅,台中市,西屯區甘肅路二段22號,04-23152941
234298,好時光,台中市,西屯區光明路55-26號、55-27號1樓,04-24521543
236630,裕元,台中市,西屯區安和路168號,04-24638940
250245,上安,台中市,西屯區至善路61號,04-24528528
189307,新西屯,台中市,西屯區西屯路二段281-3號281-4號,04-24522290
900175,福茂,台中市,西屯區西屯路三段148-30號,04-24628460
273259,福漢,台中市,西屯區何福里漢口路二段112號112-1號,04-23152060
971328,鑫工和,台中市,西屯區協和里工業區三十八路30號1樓,04-23593506
265421,原義,台中市,西屯區忠義街80號,04-23173966
274274,航發,台中市,西屯區河南路二段242號,04-24526841
977061,大鵬,台中市,西屯區長安路二段125號,04-22963912
129246,青海,台中市,西屯區青海路一段1號,04-23178274
977500,逢仁,台中市,西屯區青海路二段262號,04-24512777
236674,逢德,台中市,西屯區青海路二段321號323號,04-24518827
195450,逢美,台中市,西屯區烈美街98號,04-24524138
112190,寶慶,台中市,西屯區逢甲里西屯路二段256巷8、10號1樓,04-24529273
967422,逢喜,台中市,西屯區逢甲路247號,04-27084476
280800,大都會,台中市,西屯區惠來路二段238之1號1樓,04-22524461
281593,秋紅谷,台中市,西屯區朝富路30號32號1樓,04-22542731
229377,夏督,台中市,西屯區寧夏路170號,04-23168687
283016,福康,台中市,西屯區福林里福康路33號,04-24638081
255527,福林,台中市,西屯區福林路31巷150號,04-24628940
276317,西苑,台中市,西屯區福星路112號1樓,04-24528983
957931,逢盛,台中市,西屯區福星路330號華夏巷東一弄22號1樓,04-27064895
193982,逢星,台中市,西屯區福星路651-8號,04-24522597
113001,港強,台中市,西屯區福科路295號一樓,04-24632861
120146,瑞聯,台中市,西屯區福科路890號1樓,04-24634826
236939,瑞盟,台中市,西屯區福雅路143-1號,04-24621596
249795,科雅,台中市,西屯區福雅路571-1號,04-24636793
261267,聯順,台中市,西屯區福聯里福順路898號900號,04-24629546
265410,逢福,台中市,西屯區黎明路三段348號,04-27082309
273743,正勤,台中市,西屯區黎明路三段539-3號.539-5號,04-24524657
252193,櫻花,台中市,西屯區櫻花路111號,04-23151726
139298,新文化,台中市,西區中美街283號,04-23019624
962715,台麗,台中市,西區五權路119號1樓、中山路493號1樓,04-22060119
265306,安龍,台中市,西區五權路2-12號2-13號1樓,04-23752146
249441,民府,台中市,西區四維街22-1號24號,04-22203832
865384,新五廊,台中市,西區民生路155號一樓,04-22240981
902757,華生,台中市,西區民生路517號,04-23765931
158288,吉龍,台中市,西區吉龍里忠明南路410號1樓及五權七街200、202號1樓,04-23754680
277549,大莊園,台中市,西區向上路一段15號1樓,04-23019946
285300,向興,台中市,西區向上路一段95號,04-23019017
114152,鄉林夏都,台中市,西區忠明南路117號1樓,04-23267921
214652,三中,台中市,西區忠明路54-1號1樓、博館路231號233號235號237號1樓,04-23146826
214788,明義,台中市,西區明義街6號,04-23287885
293219,樂群,台中市,西區林森路80號及樂群街81號1樓,04-23714557
217422,五權,台中市,西區南屯路一段60號62號64號,04-23759066
285126,美村,台中市,西區美村路一段542號546號,04-23762435
293932,美生,台中市,西區美村路一段54號,04-23275818
187079,權美,台中市,西區美村路一段736號,04-23723672
940483,金典,台中市,西區健行路1046、1046-1、1046-2號1樓,04-23265492
229654,日進,台中市,西區梅川西路二段33號1樓,04-22019413
257578,科博之櫻,台中市,西區博館二街129號,04-23230932
256173,泉淼,台中市,西區華美街237號1樓,04-23055176
279648,益風,台中市,西區精誠路107號,04-23202817
276650,精明,台中市,西區精誠路15號,04-23292349
275392,精業,台中市,西區精誠路41號之6之7,04-23191670
912732,模範,台中市,西區模範街34巷1號,04-23024571
276546,沙鹿中山,台中市,沙鹿區中山路198號,04-26629334
891132,丹聯,台中市,沙鹿區中山路田尾巷3號4號5號,04-26653949
890944,清泉崗,台中市,沙鹿區中清路六段259號,04-26152389
954792,鎮欣,台中市,沙鹿區北勢里鎮南路二段368號,04-26314831
269766,東晉,台中市,沙鹿區北勢東路440號,04-26314618
282884,頂尖,台中市,沙鹿區北勢東路617號619號,04-26529629
207159,北忠,台中市,沙鹿區北勢東路806號,04-26311091
254661,鹿鼎,台中市,沙鹿區台灣大道七段812號1樓,04-26628465
194620,平和,台中市,沙鹿區平等路100號,04-26520559
283474,斗抵,台中市,沙鹿區沙田路43-12號,04-26359855
208288,大晉,台中市,沙鹿區東晉路133號,04-26314750
249038,鎮揚,台中市,沙鹿區南陽路439號,04-26521648
144555,星河,台中市,沙鹿區鹿峰里中山路646號,04-26227926
258515,福緻,台中市,沙鹿區福至路99號,04-26368345
253303,鎮權,台中市,沙鹿區鎮南路二段107號109號,04-26363948
183170,梨山,台中市,和平區中正路6號1樓,04-25981890
180632,環山,台中市,和平區中興路三段64-5號.64-6號,04-25802573
164571,富麗,台中市,東區十甲里十甲路397號,04-22123172
230595,立和,台中市,東區立德街47、49、51、53號,04-22244209
195184,漢展,台中市,東區自由路四段436號,04-22137848
923307,光園,台中市,東區東光園路142號,04-22800510
229850,鑫建德,台中市,東區建德街174.176.178.180號,04-22800902
234830,樂寶,台中市,東區進德路600號,04-22152674
281397,新平智,台中市,東區新庄里大智路49號,04-22297551
155603,粵西,台中市,東勢區東坑路62號1樓,04-25877305
208325,東蘭,台中市,東勢區東蘭路194號,04-25770793
282600,欣東雲,台中市,東勢區第五橫街28號及三民街165號,04-25871926
266435,欣聖,台中市,東勢區新盛街290號一樓,04-25773573
273813,昌進,台中市,南屯區大進街387號1樓.大墩十二街151號1樓,04-23203647
201852,墩富,台中市,南屯區大墩路572號,04-23207553
148915,墩業,台中市,南屯區大墩路717-5號,04-23275693
273167,上楓樹,台中市,南屯區中和里黎明路一段263號,04-24702620
158624,大進,台中市,南屯區五權西路二段185號,04-24759161
260828,澤康,台中市,南屯區五權西路二段412號1樓,04-23811490
905527,權興,台中市,南屯區五權西路二段62號,04-24717712
182339,權旺,台中市,南屯區五權西路二段812號,04-23806902
155038,鑫權勝,台中市,南屯區五權西路二段882號,04-23801953
210937,富亦,台中市,南屯區公益路二段939號1樓和龍富路四段552號1樓,04-23890475
194804,鑫文山,台中市,南屯區文山路20號和22號,04-23552948
251547,鑫鑽,台中市,南屯區文心南三路663號,04-23860795
212209,文豐,台中市,南屯區文心南五路ㄧ段319號,04-24738232
264381,豐春,台中市,南屯區文心南路100號,04-24734980
232328,嶺春,台中市,南屯區永春北路53號1樓,04-23808491
231107,永春,台中市,南屯區永春東七路629號,04-23893263
953098,新春社,台中市,南屯區永春南路136號138號,04-23802312
277310,嶺中,台中市,南屯區永春南路58號,04-23806007
285470,惠宇,台中市,南屯區向上南路一段167之1號,04-24739173
286912,熊貓,台中市,南屯區向上南路一段325號1樓,04-24754550
166337,豐河,台中市,南屯區向上路二段376號,04-23806215
180964,嶺寶,台中市,南屯區忠勇路23-12號1樓,04-23862931
931294,新墩興,台中市,南屯區東興路二段98號1樓,04-24712169
131711,惠文,台中市,南屯區河南路四段226號228號1樓,04-22546680
186685,瑞陽,台中市,南屯區河南路四段442號446號1、2樓,04-22510797
958831,墩南,台中市,南屯區南屯路二段210、212號1樓,04-24731595
294197,南屯,台中市,南屯區南屯路二段570號,04-23891441
234036,楓和,台中市,南屯區楓樹里楓和路700-1號及楓樹西街292號1樓,04-24795684
274975,碩豐,台中市,南屯區萬和路一段30號,04-23894902
993096,精田,台中市,南屯區黎明路一段142號,04-24700590
212302,春安,台中市,南屯區嶺東南路165號,04-23897480
174903,精科,台中市,南屯區嶺東路368號,04-23807963
950963,雅典,台中市,南區三民西路377號西川一路1號,04-23787407
277147,長億,台中市,南區工學路108號,04-22653820
136130,大時代,台中市,南區工學路55號57號,04-22609203
187448,權貴,台中市,南區五權南路189號,04-22617268
112237,詠權,台中市,南區五權南路527號,04-22655461
277136,宜寧,台中市,南區東興路一段21號1樓,04-22605645
261636,南美,台中市,南區南平路182號,04-22650922
262891,高工,台中市,南區高工路168號1樓,04-22634012
181624,興惠,台中市,南區國光路250號,04-22850793
241241,新國光,台中市,南區國光路82及84號;愛國街67及69號,04-22203755
234106,保運,台中市,南區復興北路783號,04-22603023
263137,義興,台中市,南區復興路一段128號,04-22602308
275370,大東家,台中市,南區新榮里復興路三段138、140號,04-22214273
286901,鑫廣,台中市,南區福順里忠明南路787號,04-22650986
274388,復慶,台中市,南區樹義里大慶街二段5-2號,04-22638927
266376,吉宏,台中市,烏日區九德里20鄰中華路593號,04-23387989
229126,園臻,台中市,烏日區三榮路一段111號,04-23370548
967927,榮泉,台中市,烏日區中山路三段1007號,04-23371990
242989,九張犁,台中市,烏日區中華路168號,04-23371629
179621,太明,台中市,烏日區太明路136號,04-23356899
279659,米魯,台中市,烏日區光華街1號,04-23372938
260596,兆華,台中市,烏日區健行路750號,04-23372518
214939,烏日,台中市,烏日區新興路247號,04-23362682
187080,元宏,台中市,烏日區溪南路一段722號,04-23357738
293390,新南宮,台中市,烏日區溪南路三段32號,04-23352726
241687,東園,台中市,烏日區溪埧里溪南路一段413號,04-23352449
230078,成功嶺,台中市,烏日區榮和路230號,04-23373417
111876,倍沅,台中市,神岡區中山路473號,04-25633834
235006,禾立,台中市,神岡區神岡路53號1樓,04-25634815
113595,神洲,台中市,神岡區國豐路一段88號1樓,04-25284035
183479,鏵智,台中市,梧棲區中華路二段351號,04-26624609
234313,梧棲大居,台中市,梧棲區中興路360號,04-26584348
231440,文雅,台中市,梧棲區文匯街66號,04-26560624
950321,弘新,台中市,梧棲區永興路一段112號,04-26355306
230942,鴨姆寮,台中市,梧棲區永興路一段588巷28號1樓,04-26398675
992358,港區,台中市,梧棲區安仁里文化路二段2鄰55號1樓,04-26580687
229034,連強,台中市,梧棲區自強一街76號,04-26395625
282806,大聖,台中市,梧棲區草湳里臨港路三段351號,04-26595625
154806,港埠,台中市,梧棲區港埠路一段989號,04-26562460
250669,清康,台中市,清水區中山路106號,04-26226465
130486,港藝,台中市,清水區中社路19號,04-26281895
260666,海濱,台中市,清水區中華路429號,04-26281097
142320,大秀,台中市,清水區五權路328號,04-26281748
276959,梧汊港,台中市,清水區北堤路30號,04-26560487
980816,億承,台中市,清水區民和路二段195號,04-26566134
259301,清水綻,台中市,清水區吳厝二街89號,04-26201097
933223,高美祿,台中市,清水區高美路190號1樓,04-26275803
209786,興中街,台中市,新社區興中街90-11號,04-25826581
209096,泉富,台中市,潭子區中山路一段57號1樓,04-25343869
275864,頭張,台中市,潭子區家福里頭張路一段31號,04-25351934
282002,潭德,台中市,潭子區崇德路五段489號,04-25343039
952246,潭豐,台中市,潭子區崇德路四段250之1號,04-25355870
924850,栗林,台中市,潭子區祥和路169號171號,04-25387300
280693,潭子勝利,台中市,潭子區勝利路185號,04-25343275
130408,潭陽,台中市,潭子區圓通南路2號1樓,04-25361043
120582,潭榮,台中市,潭子區榮興街19號1樓21巷1號21巷3號1樓,04-25351431
278472,太舜,台中市,潭子區潭興路二段350號1樓,04-25364841
944245,潭寶,台中市,潭子區潭興路三段51號,04-25357382
893046,榮晉,台中市,潭子區頭張路二段2號,04-25359250
180045,潭厝,台中市,潭子區環中東路一段5號,04-25341014
967709,甜園,台中市,潭子區豐栗路9號,04-25327349
227979,巨龍,台中市,龍井區中央路二段273號,04-26397826
229687,豐業,台中市,龍井區中社路312號,04-26311584
123086,龍田,台中市,龍井區田中里臨港東路一段75號,04-26307486
165600,龍峰,台中市,龍井區向上路六段298號,04-26520553
280501,龍竹,台中市,龍井區竹坑里沙田路四段316號,04-26369255
147945,理想,台中市,龍井區國際街155號157號159號1樓,04-26529013
242783,紘遠,台中市,龍井區遠東街60號.60-1號,04-26315824
263322,豐后,台中市,豐原區三豐路二段186、188號1樓,04-25220527
229665,欣廟東,台中市,豐原區中正路131.133號,04-25256356
903288,京展,台中市,豐原區中正路858號1樓,04-25158368
254052,北陽,台中市,豐原區北陽路288號,04-25202421
273868,康泰,台中市,豐原區安康路34、36、38號1樓,04-25297271
893725,京泰,台中市,豐原區成功路195號.西勢路98號,04-25123668
293840,瑞彬,台中市,豐原區西安街68號,04-25281288
275875,豐社,台中市,豐原區社皮里社皮路78號,04-25157667
276982,新豐陽,台中市,豐原區南陽路372號1樓,04-25239171
854742,豐信,台中市,豐原區復興路75號信義街77號,04-25270791
228134,榮春,台中市,豐原區圓環西路92號,04-25258272
216577,欣三豐,台中市,豐原區源豐路89、93、95號1樓,04-25285477
800125,豐東,台中市,豐原區豐東路218號,04-25280312
883913,新豐田,台中市,豐原區豐南街145號,04-25151215
294049,豐科,台中市,豐原區豐原大道七段381號1樓,04-25251821
251581,瑞慶,台中市,豐原區豐原大道三段261號,04-25293116
264222,豐泰,台中市,豐原區豐勢路二段396號,04-25281143
294038,水豐,台中市,豐原區鐮村路462號,04-25390920
228813,阿罩霧,台中市,霧峰區中正路815號,04-23391542
164995,峰資,台中市,霧峰區樹仁路26號1樓,04-23332547
182328,康勢,台中市,霧峰區豐正路648號,04-23306761
229115,霧工,台中市,霧峰區霧工一路58.60號,04-23390247
286093,二八水,彰化縣,二水鄉員集路三段488號,04-8797120
244066,挖子,彰化縣,二林鎮二溪路七段271號,04-8680533
180171,欣二林,彰化縣,二林鎮大成路一段236號,04-8965081
232616,臻臻,彰化縣,二林鎮斗苑路五段432號,04-8969842
119098,源益,彰化縣,二林鎮斗苑路四段720號,04-8962423
182513,智慶,彰化縣,大村鄉大智路一段197號,04-8528312
997836,鎮安,彰化縣,大村鄉大溪路7-4號1樓,04-8523639
922898,新大村,彰化縣,大村鄉中正西路331號1樓,04-8538047
206846,佳嘉,彰化縣,北斗鎮七星里13鄰五權路臨176號,04-8875841
200468,北圓,彰化縣,北斗鎮中華路91.93號,04-8874979
150941,永靖,彰化縣,永靖鄉永坡路2號,04-8242613
122304,湳港,彰化縣,永靖鄉港西村中山路一段842號,04-8230457
278690,田多,彰化縣,田中鎮公館路205號,04-8747887
284190,田正,彰化縣,田尾鄉中山路一段191號,04-8837740
971199,新竹塘,彰化縣,竹塘鄉竹五路臨2號,04-8972918
120319,伸濱,彰化縣,伸港鄉新港路425號,04-7982870
180931,秀鑫,彰化縣,秀水鄉番花路101號,04-7684034
961941,秀工,彰化縣,秀水鄉彰水路二段795-1號,04-7689373
122175,和峰,彰化縣,和美鎮山犁里道周路6鄰279號1樓,04-7560406
243926,和美仁愛,彰化縣,和美鎮仁壽路189號,04-7552247
175102,和全,彰化縣,和美鎮竹營里美寮路二段390號,04-7550329
971731,和鎮,彰化縣,和美鎮和線路323號,04-7566069
132231,和美,彰化縣,和美鎮和頭路189號1樓,04-7557704
991160,新勝利,彰化縣,和美鎮鹿和路六段402之2號,04-7579421
261430,和東,彰化縣,和美鎮愛德路27號,04-7557118
166452,和新,彰化縣,和美鎮彰新路五段臨396號,04-7559878
194251,和冠,彰化縣,和美鎮彰新路六段臨566號,04-7553624
284215,德美,彰化縣,和美鎮德美路700號,04-7577337
127413,和輝,彰化縣,和美鎮鎮平里彰草路二段臨448號,04-7627079
165459,芬園,彰化縣,芬園鄉彰南路四段172號及光復路6號,049-2511565
263403,長沙,彰化縣,花壇鄉中正路130號1樓,04-7861109
231244,喬富,彰化縣,花壇鄉白沙村彰員路三段389號1樓,04-7117846
229078,金墩,彰化縣,花壇鄉花壇村23鄰花南路臨558號1樓,04-7869034
195117,花海,彰化縣,花壇鄉長春村彰員路一段280號,04-7869530
264163,三春,彰化縣,花壇鄉彰員路一段臨551號,04-7875146
113403,王功,彰化縣,芳苑鄉王功村3鄰芳漢路王功段544號1樓,04-8933711
199452,新員民,彰化縣,員林市三民街20號,04-8379887
241849,令和,彰化縣,員林市三和里3鄰員東路二段42號,04-8366750
126731,員東,彰化縣,員林市三和里大同路一段8鄰238號,04-8395201
991838,家和,彰化縣,員林市大饒里員集路二段216號,04-8337781
210247,員宿,彰化縣,員林市中山路一段756號,04-8368413
143138,豐昌,彰化縣,員林市永昌街86號1樓,04-8337162
231118,睿奇,彰化縣,員林市和平街18號1樓,04-8334375
289106,茂豐,彰化縣,員林市員集路二段529號員林大道一段382號,04-8334561
954459,新百川,彰化縣,員林市莒光路379號,04-8391980
120478,員農,彰化縣,員林市萬年里員水路二段19鄰433號,04-8368446
184519,員全,彰化縣,埔心鄉員林大道七段22號,04-8283150
259806,埔新,彰化縣,埔心鄉員鹿路一段123、125、127號,04-8281525
144588,斗苑,彰化縣,埤頭鄉斗苑東路588號,04-8925951
952350,鹿秀,彰化縣,鹿港鎮鹿工路6號,04-7812400
202213,鳴人,彰化縣,鹿港鎮鹿和路四段347號,04-7717824
166555,桂花,彰化縣,鹿港鎮鹿東路150號1+2樓,04-7775251
279800,二溪,彰化縣,溪湖鎮二溪路一段369號,04-8813960
233619,富發,彰化縣,溪湖鎮大公路166號,04-8852897
166289,向福,彰化縣,溪湖鎮大溪路二段140號,04-8858331
922511,美溪,彰化縣,溪湖鎮大溪路二段451號,04-8859275
181886,溪東,彰化縣,溪湖鎮員鹿路一段403號,04-8856701
845472,溪湖,彰化縣,溪湖鎮彰水路三段105號107號109號,04-8821557
239204,三民,彰化縣,彰化市三民路341號,04-7223446
138848,大竹,彰化縣,彰化市大竹里彰南路二段181號,04-7388101
978525,附工,彰化縣,彰化市工校街21號,04-7290120
237035,巨林,彰化縣,彰化市中山路一段286號1樓,04-7111846
249407,金川,彰化縣,彰化市中正路二段611號,04-7220483
993812,巨峰,彰化縣,彰化市天祥路359號,04-7612461
875369,彰和,彰化縣,彰化市民族路163號,04-7269723
187459,新龍邸,彰化縣,彰化市光南里中興路109號,04-7127345
227669,欣兆陽,彰化縣,彰化市向陽里崙平南路367號,04-7513549
120320,彰泰,彰化縣,彰化市安平街58號1樓,04-7281709
126742,新桃源,彰化縣,彰化市卦山里公園路一段335號,04-7287306
112385,大陽,彰化縣,彰化市延平里大埔路405號,04-7114077
195597,金旺,彰化縣,彰化市延平路536號,04-7115081
278542,勝全,彰化縣,彰化市林森路205號,04-7636581
239190,火車頭,彰化縣,彰化市長樂里中正路一段536號538號,04-7221901
237057,金馬芯,彰化縣,彰化市茄苳路一段276號,04-7357208
931179,太子哈佛,彰化縣,彰化市泰和中街72號,04-7287276
993823,宇勝,彰化縣,彰化市崙平里崙平北路22號,04-7518778
200055,兆溢,彰化縣,彰化市崙美路246號,04-7518110
121471,彰工,彰化縣,彰化市復興里進德路11號13號1樓,04-7284580
887177,民生,彰化縣,彰化市華山路27號,04-7278025
931700,智富,彰化縣,彰化市萬安里長順街170號,04-7200758
164283,福山,彰化縣,彰化市彰南路一段466號、福東街2號,04-7370905
120490,彰馬,彰化縣,彰化市彰馬路246號之5,04-7610492
200170,辭修,彰化縣,彰化市辭修路508號,04-7514450
277550,鹿東,彰化縣,福興鄉中正路224號,04-7784755
113816,金福興,彰化縣,福興鄉員鹿路二段196號198號1樓,04-7754941
965563,昇沅,彰化縣,福興鄉福南村沿海路四段750號,04-7760281
250968,線西,彰化縣,線西鄉寓埔村沿海路一段892號,04-7589134
923765,見晴園,南投縣,仁愛鄉大同村定遠新村路18-1號,049-2803691
193085,穀昌,南投縣,名間鄉彰南路450號,049-2244085
931168,社寮,南投縣,竹山鎮集山路一段2051號,049-2624730
281489,竹秀,南投縣,竹山鎮集山路二段58號,049-2625248
111005,前山,南投縣,竹山鎮集山路三段1089號,049-2651842
981222,和社,南投縣,信義鄉同和巷8號1樓,049-2702941
138011,信義鄉,南投縣,信義鄉明德村玉山路82-2號,049-2791077
913229,中營,南投縣,南投市中華路130號,049-2370508
151645,龍辰,南投縣,南投市中學西路61號,049-2339252
283131,南投,南投縣,南投市民族路289、291、293號中山街143號1.2樓,049-2242363
898351,南崗,南投縣,南投市民族路515號及南崗一路387號,049-2228189
238784,豐詳,南投縣,南投市民族路66、68號1樓,049-2223881
233402,興中,南投縣,南投市光明一路561號,049-2392514
284178,唯鑫,南投縣,南投市南崗三路8號2樓,049-2257141
126764,祖祠,南投縣,南投市祖祠路16-4號,049-2244378
279279,宏旺,南投縣,南投市復興路38號,049-2245147
155289,鑫潭,南投縣,埔里鎮中山路四段97之1.97之2號,049-2910310
993052,埔佑,南投縣,埔里鎮中華路116號1樓,049-2906748
192646,育溪,南投縣,埔里鎮安七街89-1號,049-2910592
993203,中銘,南投縣,埔里鎮西安路一段104號,049-2997200
230447,世翊,南投縣,埔里鎮和平東路223號,049-2984360
144212,龍揚,南投縣,埔里鎮樹人路221之2號,049-2989339
183332,京鑫,南投縣,草屯鎮中正路483號,049-2565173
260769,太晟,南投縣,草屯鎮中正路557之26號,049-2564932
127538,國泰,南投縣,草屯鎮中正路636號1樓及和興街93號1樓,049-2336243
277974,福元,南投縣,草屯鎮中正路885號1樓,049-2318808
261924,敦和,南投縣,草屯鎮仁愛街197號199號1樓,049-2314596
958691,佑民,南投縣,草屯鎮太平路一段221號,049-2316868
111544,向日葵,南投縣,草屯鎮芬草路三段219-1號,049-2354118
187828,福新,南投縣,草屯鎮虎山路495號497號,049-2391643
215529,京埔,南投縣,草屯鎮南埔里中正路254-10號,049-2560546
126351,鑫永安,南投縣,草屯鎮御史里登輝路558號,049-2566397
235338,富聚,南投縣,草屯鎮富寮里富中路373號,049-2569642
259390,稻豐,南投縣,草屯鎮新豐路627號及新豐路629巷1號,049-2305977
131825,日月潭,南投縣,魚池鄉水社村中山路118號,049-2856426
160144,集利,南投縣,集集鎮吳厝里民生路65-1號,049-2764506
110297,油車,雲林縣,二崙鄉油車村文化路9號1樓,05-5981135
241333,口湖,雲林縣,口湖鄉中正路一段222號,05-7891871
278634,土庫中正,雲林縣,土庫鎮中正路201號之1,05-6627926
896045,斗六,雲林縣,斗六市大同路41號,05-5347990
830698,富盟,雲林縣,斗六市文化路304號306號,05-5336375
283739,永欣,雲林縣,斗六市斗六三路6號,05-5517759
238544,昕美,雲林縣,斗六市民生路170號,05-5334310
265292,斗六正心,雲林縣,斗六市西平路362號,05-5514845
153766,保庄,雲林縣,斗六市明德北路三段285號,05-5372683
280350,坤麟,雲林縣,斗六市社口里大學路二段579號,05-5339597
922027,春流,雲林縣,斗六市梅林里梅林路446號1樓,05-5575671
185475,成苑,雲林縣,斗六市莊敬路345號,05-5339622
253912,保長,雲林縣,斗六市雲林路二段76號1樓,05-5360729
194907,頂豐,雲林縣,斗六市榴南里斗工十路62號,05-5571941
206581,上慶,雲林縣,斗六市漢口路190.192號,05-5372911
275587,鎮南,雲林縣,斗六市鎮南路301號,05-5360905
990466,凱瑄,雲林縣,斗南鎮西岐里大同路135號1樓,05-5962353
128254,欣怡,雲林縣,斗南鎮南昌里中山路79號,05-5960866
293297,水林,雲林縣,水林鄉水南村水林路157號159號,05-7854085
189226,朝天宮,雲林縣,北港鎮東華里中山路150號,05-7824873
233468,新德,雲林縣,北港鎮新德路78號,05-7839841
293079,古坑水碓,雲林縣,古坑鄉水碓村水碓1之1號,05-5828016
872522,興平,雲林縣,西螺鎮中興里延平路418號420號,05-5870936
998080,七崁,雲林縣,西螺鎮建興路163號1樓,05-5878541
967525,新林內,雲林縣,林內鄉中正路373號375號,05-5899113
953445,虎大,雲林縣,虎尾鎮工專路156號,05-6364442
112558,夏恩,雲林縣,虎尾鎮立仁里復興路137號,05-6330135
121828,晟泰,雲林縣,虎尾鎮光復路521號,05-6365446
242613,高南,雲林縣,虎尾鎮科園路180號,05-6320068
131858,宇宸,雲林縣,虎尾鎮清雲路770號,05-6320634
234863,虎尾永聖,雲林縣,虎尾鎮廉使里永興南七路79號,05-6322725
972505,崙中,雲林縣,崙背鄉南陽村中山路489號,05-6961671
195461,羅威,雲林縣,崙背鄉羅厝村東興路168-1號.168-2號,05-6965430
207562,麥中,雲林縣,麥寮鄉麥豐村中山路437巷1號,05-6939753
165482,嘉坪,嘉義市,西區大同路455號1樓,05-2355843
209915,嘉愛,嘉義市,西區仁愛路212號,05-2275893
278427,新瑞鴻,嘉義市,西區文化里民族路456號458號1樓,05-2225301
278416,圓環,嘉義市,西區北杏里文化路155之2號1樓,05-2291759
947679,嘉高,嘉義市,西區北港路1062號,05-2375597
260770,光彩,嘉義市,西區民生北路182號184號1樓,05-2221535
981107,新港坪,嘉義市,西區玉山路203號,05-2837015
182742,安捷,嘉義市,西區保安里保安一路301.303號1樓,05-2910730
166500,秀泰,嘉義市,西區國華里文化路293號1樓及2樓,05-2279175
196202,國華,嘉義市,西區國華里國華街283號1樓.2樓,05-2273545
967318,博元,嘉義市,西區博愛路二段572號,05-2353893
110426,資砡,嘉義市,西區港坪里玉山路422號,05-2844049
260943,湖子內,嘉義市,西區湖內里南京路124號,05-2867470
182926,湖康,嘉義市,西區湖內里湖子內路195號1樓,05-2843726
923020,嘉賓,嘉義市,西區新西里垂楊路611號,05-2833800
261234,鈺順,嘉義市,西區新榮路35巷20號1樓,05-2226313
252023,新車店,嘉義市,西區福民里南京路462號1樓、2樓,05-2837702
206732,新嘉友,嘉義市,西區福全里友愛路222.222-1號,05-2910813
251994,嘉和,嘉義市,東區中山路169號171號173號,05-2236235
284189,嘉府,嘉義市,東區民權路194號196號198號,05-2745579
180023,嘉林,嘉義市,東區林森東路950號,05-2763478
844882,彌陀,嘉義市,東區芳安路1號1F,05-2285187
287317,嘉文,嘉義市,東區盧厝里文雅街211號,05-2776182
909323,嘉工,嘉義市,東區彌陀路240號,05-2745575
283670,中埔,嘉義縣,中埔鄉和美村中山路五段856號,05-2303458
124573,頂六,嘉義縣,中埔鄉金蘭村頂山門41-2號1樓,05-2397083
120308,蒜頭,嘉義縣,六腳鄉蒜頭村1鄰蒜頭1-18號,05-3803410
123134,祥和,嘉義縣,太保市太保里太保46-1號,05-3713445
293507,嘉太,嘉義縣,太保市北港路二段190號,05-2385458
210203,故宮,嘉義縣,太保市東勢里故宮大道779號1樓,05-3622547
944005,祥壹,嘉義縣,太保市祥和一路東段29號,05-3628365
951265,保祥,嘉義縣,太保市祥和三路東段226號,05-3628476
211619,麻太,嘉義縣,太保市過溝里6鄰過溝52-14號,05-2381536
910828,中庄,嘉義縣,水上鄉中庄村69號,05-2892949
121253,世川,嘉義縣,水上鄉內溪村中義路992號1樓,05-2399887
260633,布鹽,嘉義縣,布袋鎮新厝里13鄰新厝仔67之1號,05-3473010
255170,民城,嘉義縣,民雄鄉東榮村四鄰建國路一段134號,05-2063745
229883,嘉朴,嘉義縣,朴子市大鄉里大慷榔253-23號,05-3704480
211697,朴子,嘉義縣,朴子市中興路139號,05-3700554
970679,朴中,嘉義縣,朴子市博厚里開元路282號,05-3709314
239053,巃頭,嘉義縣,番路鄉公田村龍頭18號,05-2586076
903439,七股,台南市,七股區七股里14鄰154-1號,06-7872182
278645,新大內,台南市,大內區石城里石子瀨122之153號,06-5763553
265362,台南民族,台南市,中西區公正里民族路二段53號,06-2230803
253141,友愛,台南市,中西區友愛街197之199號,06-2112975
123156,水仙宮,台南市,中西區水仙里民權路三段87號1樓,06-2217930
165677,赤崁,台南市,中西區民族路二段331號,06-2214411
129213,南醫,台南市,中西區民族路二段76號之13,06-2263238
192783,唯勝,台南市,中西區民權路三段150號一樓,06-2214369
189019,永福,台南市,中西區永福路二段65號1樓,06-2214463
990905,康樂,台南市,中西區安海里康樂街223號1樓,06-2228184
280305,頂美,台南市,中西區西和路1號3號,06-2595480
262293,湖華,台南市,中西區西湖街3號,06-2507460
242901,Fresh湖美,台南市,中西區和緯路五段55號,06-3588401
287591,新運河,台南市,中西區府前路二段239號1樓,06-2950782
252366,天公,台南市,中西區忠義路二段109號,06-2213646
256911,台南星鑽,台南市,中西區金華路三段218號,06-2230970
230458,明倫,台南市,中西區金華路三段88號1.2樓,06-2233352
936484,武德,台南市,中西區青年路134號,06-2258549
136598,南門城,台南市,中西區南門路229號1樓,06-2147717
251743,開山,台南市,中西區開山路245號1樓,06-2144197
905963,保正,台南市,仁德區中正路一段529號,06-3661321
197294,北站,台南市,仁德區中洲村中洲路1巷200號1樓,06-2780853
214847,南站,台南市,仁德區中洲村中洲路1巷220號1樓,06-3663985
202394,奇美博,台南市,仁德區文華路二段66號,06-2664455
286624,文安,台南市,仁德區文賢路一段576號,06-2667371
951966,仁伯,台南市,仁德區後壁里德安路188號,06-2491560
132482,七甲,台南市,六甲區六甲里中正路321之1號,06-6981130
179573,代天府,台南市,北門區鯤江里976號,06-7864826
215231,新大港,台南市,北區大和里大港街140號1樓2樓,06-3507047
962863,卓易,台南市,北區大豐里27鄰中華北路一段143號,06-2805492
822169,公園,台南市,北區公園路1072-1號2號3號,06-2813005
184667,北安,台南市,北區公園路599-11號,06-2814051
163785,和緯,台南市,北區成功里和緯路二段252號,06-2830287
242509,夏都,台南市,北區成功路114號1樓,06-2239858
153973,修齊,台南市,北區成功路54號,06-2293723
250441,德緯,台南市,北區成德里育德二路20鄰308號,06-2525864
267944,新光,台南市,北區西門路四段135號3F,06-2510935
165149,小北,台南市,北區西門路四段455號,06-2810537
227717,煒達,台南市,北區育德路491號1.2樓,06-2519945
860688,立人,台南市,北區和順里西門路三段81號1樓、西門路三段47巷12號1樓,06-2205089
229447,青青,台南市,北區和緯路五段278號1樓,06-3582884
254627,大欣,台南市,北區和緯路五段76號,06-3581640
990042,新海成,台南市,北區海安路三段2號1樓,06-2281334
276018,海安,台南市,北區海安路三段716號,06-2518805
167927,新開元,台南市,北區開元路112號,06-2089431
262488,康榮,台南市,北區實踐里北門路三段2號,06-2822304
207263,橋富,台南市,永康區大橋二街130、132號,06-3027238
162014,新康華,台南市,永康區大橋二街38號,06-3036846
922821,永大春,台南市,永康區中山北路431號,06-2011976
229285,永臻,台南市,永康區中山東路59號,06-3023473
281283,加捷,台南市,永康區中山南路12-5號,06-3025271
280279,君天,台南市,永康區中山南路518號,06-3022933
928829,埔園,台南市,永康區中山路90號,06-2042274
197618,華康,台南市,永康區中華路10巷2號1樓、中華路8-7號1樓,06-3120204
213796,康興,台南市,永康區中華路196號1樓,06-3131314
252458,鑫永康,台南市,永康區中華路617-1號,06-3026315
966991,鹽信,台南市,永康區正南一街148號,06-2434808
993351,雙永,台南市,永康區永大一路60號1樓,06-2031437
182546,辰佳,台南市,永康區永大路二段11號,06-2059664
262178,永正,台南市,永康區永康里中山南路537號,06-2018106
186858,新奇美,台南市,永康區甲頂路18、20號,06-2834564
255952,龍聖,台南市,永康區自強路439號1樓,06-2031725
259828,文鈺,台南市,永康區西灣里文化路61號,06-2313280
131113,東橋,台南市,永康區東橋一路28號,06-3020234
216843,橋鈺,台南市,永康區東橋七路369號1樓,06-3027215
257143,7Fresh康橋,台南市,永康區東橋八街96號,06-3024900
228352,永康綠海,台南市,永康區東橋里東橋5路218號,06-3020436
285241,仁發,台南市,永康區東橋里東橋六街61號,06-3025783
893792,永復,台南市,永康區復華里復華一街2號,06-3128173
902159,詠文,台南市,永康區網寮里6鄰永二街202號,06-2042598
153777,永玉,台南市,永康區龍潭里永明街175號,06-2013336
260909,創意,台南市,永康區鹽行里中正二街268號,06-2434834
967673,桂田,台南市,永康區鹽行里新行街251號一樓,06-2425413
282518,新玉馥,台南市,玉井區玉田里中山路97號1樓,06-5748078
165699,仙草埔,台南市,白河區仙草里仙草6之30號,06-6832662
188887,荷韻,台南市,白河區河東里9鄰冀萁湖122-35號,06-6832143
280372,安運,台南市,安平區平安里華平路742號1樓,06-3504407
981602,豐平,台南市,安平區平豐路430號1樓,06-2999400
274355,永華東,台南市,安平區永華路二段210號,06-2984141
233011,Fresh亞萬,台南市,安平區永華路二段812號1樓,06-2955449
257822,大員,台南市,安平區安北路420號422號壹樓貳樓部分,06-3912022
233550,加圻,台南市,安平區育平路100號.102號.府平路392號,06-2993104
187253,郡豐,台南市,安平區郡平路307號,06-2936349
968104,華平,台南市,安平區健康路三段242號,06-2939147
167983,安期,台南市,安平區慶平路60號62號,06-2992927
208200,F18B,台南市,安定區北園二路8號1樓,06-5058857
216809,海寮,台南市,安定區海寮里海寮街8號,06-5937359
284536,善安,台南市,安定區蘇林里7號,06-5975843
202051,18廠B,台南市,安定區蘇林里北園二路8號,06-5052109
179986,安同,台南市,安南區同安路235號,06-2461351
208543,安西,台南市,安南區安中路一段136號,06-2477315
284927,安北,台南市,安南區安中路一段546號552號,06-2474698
236869,城中,台南市,安南區安中路六段599號、601號1樓,06-2570930
195243,聖安,台南市,安南區安中路六段850號1樓,06-2574626
283991,安立,台南市,安南區安中路四段150號,06-2473773
199348,安東,台南市,安南區安和路一段308號1樓,06-2554045
285997,新安順,台南市,安南區安和路三段55-1號57號1樓,06-3564170
780827,和順,台南市,安南區安和路五段166號,06-3565013
239938,安南,台南市,安南區安和路四段520號,06-3554906
912097,安富,台南市,安南區安富街341、343、345號,06-2599397
217101,環安,台南市,安南區長和路二段12巷272號,06-3571959
923868,安新,台南市,安南區長溪路三段399號1樓,06-2457294
921518,逢安,台南市,安南區海西里海中街73號,06-2550832
965105,淵安,台南市,安南區海佃路三段163號,06-2568738
883898,本原,台南市,安南區海佃路四段2號,06-2464793
167569,九份子,台南市,安南區國安里九份子大道6號1樓,06-3580592
241012,國銨,台南市,安南區國安街111號113號,06-2807583
284570,新同安,台南市,安南區理想里海佃路二段432號,06-2461306
151243,安傑,台南市,安南區頂安里北安路二段480號1樓,06-2566011
188164,安昌,台南市,安南區塭南里安昌街101號,06-3568205
988223,新郡安,台南市,安南區溪北里安和路一段105號1樓,06-2512571
791241,佳里,台南市,佳里區光復路197號197-1號,06-7233631
122131,佳文,台南市,佳里區佳西路215號1樓,06-7238343
112525,新北中,台南市,佳里區延平路195號,06-7225387
143862,南龍,台南市,佳里區建南里安南路22鄰256號,06-7224188
229849,東山,台南市,東山區東中里中興南路32號,06-6802951
233310,東山站,台南市,東山區科里里枋子林74-6號,06-6235384
190813,小東,台南市,東區小東路256號1樓,06-2341994
293518,一心,台南市,東區中華東路一段24號,06-2084962
112075,財神,台南市,東區中華東路二段171-177號,06-2894503
286923,東城,台南市,東區中華東路二段293號,06-2694483
280198,竹篙厝,台南市,東區仁和路126號1樓,06-2677562
279763,仁文,台南市,東區仁和路57-7號59號1樓,06-3362101
865535,北門,台南市,東區北門路一段310號、312號,06-2292308
182568,力大,台南市,東區生產路508號,06-2683042
195988,大世紀,台南市,東區自由路三段108號1樓,06-2678603
211365,凱旋,台南市,東區怡東路111號1樓,06-2089413
273639,席悅,台南市,東區東光里東興路41號1樓,06-2004432
287605,東和,台南市,東區東安路291號293號1樓,06-2087403
950974,立東,台南市,東區東門路三段220號,06-2691015
276937,長寧,台南市,東區長榮路三段12號,06-2363597
251732,慶東,台南市,東區青年路416號,06-2352796
215404,富裕,台南市,東區後甲里裕農路657號1樓,06-2091395
282460,崇祐,台南市,東區崇成里崇明路561號1樓,06-2902815
198747,福耀,台南市,東區崇明路377號、377-1號,06-2690374
198600,崇學,台南市,東區崇善路168號,06-2604847
252894,崇華,台南市,東區崇善路259號1樓,06-2601426
254351,崇道,台南市,東區崇善路569、571號,06-2894813
874757,市醫,台南市,東區崇德路685號687號,06-2673784
950273,好富,台南市,東區富強里裕農路320號,06-2353005
238153,裕信,台南市,東區裕信路352號,06-3316406
194343,裕孝,台南市,東區裕農路888號1樓,06-3318916
253336,裕文,台南市,東區裕學路1號,06-2909325
188991,鼎亨,台南市,東區德東街101號,06-2908425
965264,裕平,台南市,東區關聖里裕信路177號1樓,06-3318240
183181,南化,台南市,南化區南化里128號1樓,06-5775209
195014,上鈺,台南市,南區大成路一段128號1樓,06-2631080
274816,少觀,台南市,南區大林路113號,06-2134175
197146,明和,台南市,南區中華西路一段89號,06-2642546
212254,土定里,台南市,南區永成路三段319號1樓,06-2631652
982236,新府緯,台南市,南區西門路一段553號1樓,06-2281213
194929,金昇,台南市,南區金華路二段341號,06-2632231
968780,鯤鯓,台南市,南區南都里鯤鯓路20號,06-2648213
262053,公道,台南市,南區夏林路1-16號、1-17號,06-2233412
273455,夏興,台南市,南區夏林路258號1樓,06-2643438
253510,文南,台南市,南區健康路二段268-1、270號,06-2635645
985822,國民,台南市,南區國民路152號1樓,06-2603696
255653,Fresh首府,台南市,南區開南里新和東路138號1樓,06-2632445
293965,丞芯,台南市,南區萬年七街380號,06-2621953
236456,三聖,台南市,南區興南街149號1樓,06-2627396
894407,立興,台南市,南區灣裡路265號,06-2629520
264406,柳營,台南市,柳營區士林里柳營路二段1號3號,06-6223592
193432,黎營,台南市,麻豆區井東里磚子井141-21號1樓,06-5710322
279497,新麻豆,台南市,麻豆區榖興里11鄰中山路11號,06-5717493
971465,善營,台南市,善化區小新里成功路173之1號,06-5856032
275255,善心,台南市,善化區中山路355號1樓,06-5811971
951874,牛墟,台南市,善化區什乃里什乃190號,06-5814527
133016,新P5,台南市,善化區南科九路17號(P5P6廠O棟),06-5055694
112422,晶圓,台南市,善化區南科北路1-1號(P3廠),06-5056103
167020,P1廠,台南市,善化區南科北路1之1號1樓,06-5057528
153755,P7廠,台南市,善化區南關里三抱竹路1號,06-5057202
200479,庭好,台南市,善化區陽光大道587.589號1樓,06-5838721
193867,陽光城,台南市,善化區蓮潭里9鄰陽光大道198號1樓,06-5851514
242060,佳利,台南市,新化區中山路332號,06-5901180
243100,新玉,台南市,新化區忠孝路10號,06-5984549
910334,清新,台南市,新化區武安里中正路321號,06-5800790
194745,奇佳,台南市,新化區信義路373號1樓,06-5907294
181277,三舍,台南市,新市區三舍里復興路392號1樓,06-5894091
993384,樹谷,台南市,新市區中心路2號1樓,06-5895647
229160,興全,台南市,新市區民權路80號,06-5892482
980838,新雙新,台南市,新市區永就里中山路227號1樓,06-5892146
970266,新凱,台南市,新市區社內里12之5號,06-5898774
280981,新南科,台南市,新市區南科三路17號19號1樓,06-5053713
248828,聯電,台南市,新市區南科三路57號,06-5057638
236412,永佳,台南市,新市區復興路173.175號,06-5897463
241230,新新善,台南市,新市區復興路59號61號63號一樓,06-5014359
282840,新墘,台南市,新市區港墘里民族路118號,06-5897739
941936,高長,台南市,新市區新和里仁愛街169號171號,06-5012170
268512,AP8,台南市,新市區豐華里豐華168號1樓,06-5052445
116826,太子宮,台南市,新營區太北里太子宮142-34號,06-6532433
230229,新民,台南市,新營區民生里三民路152-13號1樓,06-6324531
235095,金武,台南市,新營區金華路一段262號,06-6562485
234900,營新,台南市,新營區復興路1039號,06-6525790
167798,趣淘,台南市,楠西區密枝里密枝102之5號1樓,06-5754886
242875,學洲,台南市,學甲區光華里中洲571號,06-7839223
233022,關北站,台南市,龍崎區楠坑里楠坑12之1號,06-5551262
233033,關南站,台南市,龍崎區楠坑里楠坑12之1號,06-5552363
283762,八甲,台南市,歸仁區八甲里中正北路一段194號,06-2398072
212140,紅瓦厝,台南市,歸仁區大成路211號1樓,06-2303294
227681,花田,台南市,歸仁區中正北路二段130號1樓,06-2303156
187231,仁興,台南市,歸仁區南保里大德路307號,06-2395784
209948,東利,台南市,歸仁區南保里文化街三段47號1樓,06-2304109
183734,立青,台南市,歸仁區南保里民權南路108號,06-2391997
851064,伍誼,台南市,歸仁區復興路162之1號,06-2399459
198921,鼎鑫,台南市,關廟區中山路二段27號1樓,06-5966828
966061,車讚,台南市,關廟區北花里中正路517號,06-5954561
262983,鼎富,台南市,關廟區南花里中正路881號,06-5965999
971018,關聖,台南市,關廟區南雄路一段471號,06-5957447
286107,鹽水,台南市,鹽水區中正路35號,06-6534572
982096,新朝琴,台南市,鹽水區岸內里朝琴路143號1樓,06-6525540
282493,坎城,高雄市,三民區十全一路183號,07-3116563
281836,豐大,高雄市,三民區大昌一路211號,07-3834185
229300,連興,高雄市,三民區大連街336號1樓,07-3229400
243720,三民陽豐,高雄市,三民區大豐二路457號,07-3924794
197939,星展,高雄市,三民區天祥一路88號,07-3494070
228374,滿分,高雄市,三民區本安里黃興路339號,07-3819343
276351,皓東,高雄市,三民區本武里大豐二路489號,07-3987112
970761,沅興,高雄市,三民區正興里正興路121號123號,07-3828237
214423,雙興,高雄市,三民區正興路1號3號,07-3925474
243258,吉江,高雄市,三民區合江街39號1樓,07-3229453
279637,達仁,高雄市,三民區吉林街68號,07-3222813
254166,後驛,高雄市,三民區安和里察哈爾一街148號1樓,07-3228514
895880,新立寧,高雄市,三民區自立一路287號289號291號1樓,07-3130332
257235,祥城,高雄市,三民區自立一路411號1樓413號1樓2樓,07-3221349
207942,建志,高雄市,三民區建工路462號一樓,07-3839636
182890,鳳中,高雄市,三民區建國三路285號1樓,07-2855467
278564,正順,高雄市,三民區建德路69號1樓,07-3855411
234287,美都,高雄市,三民區美都路98號,07-3232749
242750,興安泰,高雄市,三民區重慶街238號,07-3228221
932965,新統興,高雄市,三民區黃興路151號,07-3835941
280626,灣勝,高雄市,三民區新民路101號103號105號,07-3955648
284042,清華,高雄市,三民區義華路92號,07-3927564
242336,三民鼎昌,高雄市,三民區鼎山街576之1號,07-3924764
179735,鼎上,高雄市,三民區鼎中路160號1樓,07-3494150
241388,鼎強,高雄市,三民區鼎金後路432號1樓,07-3494114
922496,明仁,高雄市,三民區鼎泰里明仁路8號,07-3438496
239709,鼎瑞,高雄市,三民區鼎泰里裕誠路56號,07-3430546
855239,嫩江,高雄市,三民區嫩江街101號1樓喜峰街134號,07-3117581
236098,青興,高雄市,三民區熱河一街131號133號遼寧一街144巷20號,07-3220993
289519,義民廟,高雄市,三民區褒忠街114號,07-3869169
233996,應昇,高雄市,三民區應昇路42號,07-3951261
281135,大德,高雄市,三民區寶玉里大豐二路348號350號352號,07-3959257
148063,春陽,高雄市,三民區寶珠里正忠路246號,07-3810323
264509,覺民,高雄市,三民區覺民路113號115號,07-3892352
960731,寶盛,高雄市,三民區覺民路579號,07-3952075
279154,華社,高雄市,大社區中華路16-66號1.2樓,07-3520146
165275,開封,高雄市,大寮區大寮路688號,07-7880424
992761,永芳,高雄市,大寮區永芳里萬丹路630號,07-7831908
216511,美庄,高雄市,大寮區後庄村成功路43號,07-7013224
286783,鳳明,高雄市,大寮區新厝里鳳林二路160號,07-7879642
187851,金山角,高雄市,大寮區會社里1鄰鳳林三路1之10號,07-7874168
259046,大發,高雄市,大寮區鳳林三路308號,07-7827352
244239,鳳昭,高雄市,大寮區鳳林路四段629號,07-6418842
261108,孔鳳,高雄市,小港區孔宅里高鳳路332號,07-7917717
855295,宏平,高雄市,小港區宏平路388號390號392號1樓,07-8063604
229263,其美,高雄市,小港區其美街81號1樓83號1樓83號2樓,07-8070627
971339,桂德,高雄市,小港區桂林里中安路428號,07-7932498
216979,坪高,高雄市,小港區高坪二十二路321號,07-8911881
251710,順苓,高雄市,小港區漢民路381號,07-8039482
930660,宏華,高雄市,小港區漢民路829號831號1樓,07-8069912
281401,京富,高雄市,仁武區八卦里八德南路382號1樓,07-3732953
280763,登發,高雄市,仁武區八卦里八德南路65號,07-3739703
243616,澄德,高雄市,仁武區八卦里京吉六路67號1樓及69號1樓,07-3739864
127376,八卦寮,高雄市,仁武區大灣里八德南路497號499號1樓,07-3724588
131582,仁樂,高雄市,仁武區仁武里仁和街36號,07-3711110
278760,澄雄,高雄市,仁武區仁雄路35號澄合街172之1號,07-3740927
249256,尚讚,高雄市,仁武區仁雄路97-3號1樓,07-3748294
275842,仁慈,高雄市,仁武區仁慈里仁慈路169號1樓,07-7353499
287270,仁心,高雄市,仁武區考潭里仁心路198-1號1樓,07-3749210
153906,尚賀,高雄市,仁武區赤山里仁雄路87號1樓,07-3748241
256726,京中,高雄市,仁武區京富路155號,07-3743543
243487,仁武勇全,高雄市,仁武區勇全路111號1樓,07-3739249
257925,Fresh愿橋,高雄市,仁武區高楠里霞海路378號,07-3100940
186618,重信,高雄市,左營區文川路195號.重建路2號,07-3454317
278922,重化,高雄市,左營區文自路339號1樓,07-3452488
242657,福高,高雄市,左營區文府路363之1號,07-3504475
283681,百事達,高雄市,左營區左營大路155號,07-5854682
285366,至興,高雄市,左營區光興街54號及56號,07-5508763
281191,文守,高雄市,左營區孟子路6號,07-3450216
865421,博正,高雄市,左營區忠言路174號,07-5578128
963349,政德,高雄市,左營區政德路130號132號1F,07-3451959
262765,重德,高雄市,左營區政德路585號,07-3451814
263986,信科,高雄市,左營區重信路601號,07-3504964
127712,欣重文,高雄市,左營區重愛路308號310號1樓文天路128號1樓,07-3506524
129039,速鐵,高雄市,左營區高鐵路105號2樓,07-9605706
288169,鑫華崇,高雄市,左營區崇德路358號,07-3457822
201542,彩虹市集,高雄市,左營區菜公里高鐵路115號1樓,07-3507294
185512,立文,高雄市,左營區新上里立文路77號1樓,07-5509725
253738,南屏,高雄市,左營區新下里華夏路256號,07-5524582
275130,文康,高雄市,左營區新光里文康路156號1樓,07-3506567
286598,重和,高雄市,左營區福山里自由四路171號,07-3453508
211000,文恩,高雄市,左營區福山里自由四路496號,07-3494916
177108,重惠,高雄市,左營區福山里華夏路1152號1樓,07-3457904
238164,新海勝,高雄市,左營區翠華路601巷122號126號,07-5882879
242716,桃子,高雄市,左營區勵志中街21號23號,07-5856812
211114,觀月,高雄市,田寮區月球路34-6號,07-6367270
251950,仁東,高雄市,岡山區大仁北路175號1樓,07-6217245
122625,仁富,高雄市,岡山區大仁路138號,07-6213744
278380,新成功,高雄市,岡山區台上里成功路82號1樓,07-6213534
263207,竹圍東,高雄市,岡山區竹圍東街93號1樓,07-6214901
251891,柳橋,高雄市,岡山區後協里仁壽路248號,07-6256680
284293,鑫程,高雄市,岡山區程香里大德二路61號1樓,07-6227110
286646,崗埔,高雄市,岡山區華崗里華崗路150號,07-6284417
111739,勵志,高雄市,岡山區筧橋路12號16號1樓,07-6295142
192565,維仁,高雄市,岡山區維仁路79號,07-6215356
950480,北岡山,高雄市,岡山區灣裡里岡山北路150號,07-6224840
174361,園中,高雄市,林園區中門里中門路15-1號,07-6437338
235394,艾文,高雄市,林園區東林西路99號101號全部,07-6414848
233697,金昭,高雄市,林園區林內路119號,07-6416607
954530,蕙馨,高雄市,阿蓮區阿蓮里中正路188-8號,07-6319484
259633,文武,高雄市,前金區七賢二路203號1樓,07-2166193
249555,龍客,高雄市,前金區大同二路1號,07-2158324
162667,長生,高雄市,前金區五福三路54號,07-2610818
261669,前金,高雄市,前金區自強二路172號,07-2419355
277594,自強,高雄市,前金區自強二路39號,07-2515634
249223,新盛,高雄市,前金區草江里七賢二路193號193-1號193-2號1樓,07-2871936
285506,愛河,高雄市,前金區博孝里河東路8號1樓,07-2414252
265513,文東,高雄市,前金區新田路226號228號,07-2169478
286451,長權,高雄市,前鎮區民權二路380號1樓,07-3318790
258504,慶華,高雄市,前鎮區光華二路393號1樓,07-3381564
875602,賢明,高雄市,前鎮區竹內里賢明路3號5號,07-7238081
278287,竹中,高雄市,前鎮區和平二路242號1樓,07-7222801
233457,明鳳,高雄市,前鎮區明鳳三路145號,07-7935634
273466,亞新灣,高雄市,前鎮區林森四路255號,07-5362832
143600,新衙,高雄市,前鎮區草衙一路41號43號,07-8218714
916402,達家,高雄市,前鎮區草衙里草衙二路407號409號411號1樓,07-8132874
254465,高雄,高雄市,前鎮區復興三路116號,07-3367915
292939,復興,高雄市,前鎮區復興三路146號,07-3316429
181336,瑞祥,高雄市,前鎮區瑞祥里崗山中街241號1樓,07-7228934
241458,新憲德,高雄市,前鎮區瑞隆路619號,07-7279437
960764,瑞正,高雄市,前鎮區瑞興里瑞北路157號159號,07-7168052
285610,管仲,高雄市,前鎮區管仲路20號1樓,07-3313412
233790,德倉,高雄市,前鎮區德昌路209號213號,07-8125075
981093,新光和,高雄市,前鎮區鄭和南路307號309號,07-5367297
290210,夢時代二,高雄市,前鎮區興邦里中華五路789號7樓,07-8417102
281537,鎮陽,高雄市,前鎮區鎮陽里前鎮街278號280號,07-8152693
251776,鎮興,高雄市,前鎮區鎮興路170號,07-8415339
242200,美濃美中,高雄市,美濃區美中路92號,07-6815615
263621,宏順,高雄市,苓雅區三多一路66號68號,07-7217740
286048,大順,高雄市,苓雅區大順三路76號1樓,07-7230499
261201,文化,高雄市,苓雅區五福一路77號1樓,07-2234405
279785,新仁政,高雄市,苓雅區仁政里青年一路299號301號303號1樓,07-3343963
285492,廣東,高雄市,苓雅區四維二路94之21號,07-7110044
273318,萬應,高雄市,苓雅區四維四路190-1號,07-3364904
238887,正心,高雄市,苓雅區正大里輔仁路145號1樓,07-7224176
185800,大輔,高雄市,苓雅區正心里輔仁路333號341號1樓,07-7228664
275886,雅慶,高雄市,苓雅區同慶里同慶路88號90號,07-2246828
232591,身修,高雄市,苓雅區身修路1號建民路100號,07-7226433
833000,美田,高雄市,苓雅區林森二路79號,07-3391186
115889,武漢,高雄市,苓雅區武漢街72號,07-7214004
130545,青雅,高雄市,苓雅區青年一路6之8及6之9號,07-2233056
241104,新道明,高雄市,苓雅區建國一路211號213號,07-2251125
892308,英明,高雄市,苓雅區英明路190號1樓,07-7521603
217086,海音,高雄市,苓雅區海邊路48.48-1.48-2號,07-2418029
240422,東泥,高雄市,苓雅區意誠里三多四路93號,07-2691458
281168,中仁,高雄市,苓雅區興中二路38號1樓,07-3387403
914347,興達,高雄市,茄萣區茄萣路一段350號,07-6908629
285207,新茄萣,高雄市,茄萣區茄萣路二段403號1樓,07-6900544
972309,展欣,高雄市,茄萣區嘉安里仁愛路三段120號,07-6909600
968458,赤東,高雄市,梓官區赤東里赤崁南路95號95-1號1F,07-6101134
952822,仁馨,高雄市,梓官區梓義里中崙路287號,07-6100625
967503,正港,高雄市,梓官區智蚵里中正路186號,07-6106594
279040,蚵仔寮,高雄市,梓官區漁港一路160號,07-6109673
236135,仁松,高雄市,鳥松區夢裡里大仁北路113號,07-7352965
165518,太湖,高雄市,湖內區中正路二段158號1樓,07-6992060
279132,美麗島,高雄市,新興區中山一路115號(美麗島站內),07-2361722
278276,尚義,高雄市,新興區中正二路218號1樓,07-2236482
283175,正仁,高雄市,新興區中正三路84號1樓,07-2365274
262411,新三華,高雄市,新興區中東里復興一路72號1樓,07-2368423
279316,崛星,高雄市,新興區五福二路209.211號,07-2819071
283865,文昌,高雄市,新興區六合路117號,07-2242435
263610,文漾,高雄市,新興區文橫二路164-1號.164-2號,07-2815281
194516,瑞賢,高雄市,新興區民族二路90號,07-2230613
238452,新球庭,高雄市,新興區林森一路162號,07-2414062
284363,清漢,高雄市,新興區德望里民生一路154號1樓,07-2222403
230241,勁援,高雄市,楠梓區中興里大學西路62號大學二街102號,07-3644589
286602,加仁,高雄市,楠梓區加仁路1號,07-3648502
275222,樂民,高雄市,楠梓區加昌里壽民路60號1樓,07-3634607
283706,盛田,高雄市,楠梓區享平里興楠路326號,07-3519446
232753,新後勁,高雄市,楠梓區後昌路139-1號,07-5910659
268604,東後勁,高雄市,楠梓區後勁東路150號152號152-1號,07-3637401
881685,校和,高雄市,楠梓區軍校路658號,07-3012204
198002,德民,高雄市,楠梓區海專路400號,07-3010218
293954,元昌,高雄市,楠梓區國昌里德民路900號902號,07-3644909
167547,欣清心,高雄市,楠梓區清豐二路16號,07-3533490
198965,常德,高雄市,楠梓區清豐里常德路287號,07-3532424
286716,麗景,高雄市,楠梓區清豐里旗楠路891號1樓,07-3532334
207654,高昌,高雄市,楠梓區創新路615號,07-3539441
285768,豐創,高雄市,楠梓區創新路76號78號80號1樓,07-3528747
207687,高第一,高雄市,楠梓區創新路950號1樓,07-3533481
209487,晉興,高雄市,楠梓區惠心街80號1樓,07-3648418
250821,惠心,高雄市,楠梓區惠民里高楠公路1764之1號,07-3600709
243672,惠誠,高雄市,楠梓區惠誠街88號,07-3646219
232144,太子城,高雄市,楠梓區楠梓路263號265號267號,07-3536760
253749,惠豐,高雄市,楠梓區壽豐路517號519號521號,07-3601727
131478,惠民,高雄市,楠梓區翠屏里惠民路88號1樓,07-3643954
286956,好事登,高雄市,楠梓區鳳楠路235號朝明路233號,07-3526754
913067,廣昌,高雄市,楠梓區廣昌里廣昌街140號,07-3608353
111832,新後昌,高雄市,楠梓區錦屏里後昌路115號1樓,07-3646497
179816,學安,高雄市,楠梓區藍田路816號,07-3643028
216832,學高,高雄市,楠梓區藍田路962.966號,07-3646746
268763,梓昌,高雄市,楠梓區藍昌路356號358號,07-3648856
250212,藍田,高雄市,楠梓區藍昌路379號1樓,07-3647132
183712,安合,高雄市,楠梓區藍昌路420號,07-3643261
932172,路園,高雄市,路竹區下坑里太平路342-2號,07-6952504
196512,路飛,高雄市,路竹區竹東里中山路465號,07-6965195
282965,路科,高雄市,路竹區社南里大社路42號42之1號46號1樓,07-6075828
242222,路金,高雄市,路竹區金平路418-1號,07-6966755
183549,群創八,高雄市,路竹區路科十路11號1樓,07-6955604
232074,路邦,高雄市,路竹區路科五路35號1樓,07-6955514
258353,鼓峰,高雄市,鼓山區九如四路1795號,07-5887327
280992,民強,高雄市,鼓山區九如四路706號708號710號712號,07-5214862
912145,昶玖,高雄市,鼓山區九如四路927號929號931號1樓,07-5519575
211664,享順,高雄市,鼓山區明華路335號337號,07-5522439
237884,海青,高雄市,鼓山區青海路641號1樓,07-5219140
281939,富農,高雄市,鼓山區南屏路857號,07-5224661
183262,建榮,高雄市,鼓山區建榮路180號1樓,07-5851507
231152,福賜,高雄市,鼓山區美明路88號,07-5525473
273260,美武,高雄市,鼓山區美術南二路137號,07-5522647
277217,榮夏,高雄市,鼓山區華榮路387號1樓,07-5524255
252931,銀川,高雄市,鼓山區鼓山三路8-25號1樓,07-5313970
177555,順德,高雄市,鼓山區龍子里大順一路860號1樓,07-5538510
276878,誠美,高雄市,鼓山區龍子里裕誠路2080號,07-5525694
273271,高美,高雄市,鼓山區龍水里美術東二路181號,07-5224427
210959,龍順,高雄市,鼓山區龍德路87號,07-5523961
278346,旗山,高雄市,旗山區中山路72號,07-6615807
911108,新林眾,高雄市,旗山區延平一路78-1號,07-6624077
280419,旗皇,高雄市,旗津區中華里旗津三路900巷1號3號,07-5713430
239189,旗津,高雄市,旗津區海岸路9號,07-5719252
273190,鳳甲,高雄市,鳳山區一甲里鳳南路167號1樓,07-7269089
243731,風勝,高雄市,鳳山區工協街28號,07-7012380
854443,中東,高雄市,鳳山區中山東路88號1樓仁愛路65號1樓,07-7439740
281319,鳳和,高雄市,鳳山區中和里自由路202號204號206號,07-7990060
281799,新崙,高雄市,鳳山區中崙路501.503.505號,07-7538353
277354,南華,高雄市,鳳山區五甲二路232號,07-7713883
208990,龍平,高雄市,鳳山區文平街210號,07-7775941
279556,鳳文,高雄市,鳳山區文英里文衡路50號1樓,07-7104580
170532,亮宏,高雄市,鳳山區文德里文衡路558號1樓,07-7851397
942755,翔富,高雄市,鳳山區文德里濱山街12號1樓,07-7805459
990732,文衡,高雄市,鳳山區文衡里八德路305號1樓,07-7677689
190019,青文,高雄市,鳳山區文衡里文衡路343號,07-7776482
283083,文龍,高雄市,鳳山區文龍東路199號,07-7197683
207481,甲智,高雄市,鳳山區甲智路103號,07-7924107
158901,高鳳,高雄市,鳳山區忠義里中山西路396號398號400號,07-7460354
278793,俊瑋,高雄市,鳳山區忠義里光復路一段193號,07-7410481
231657,保成,高雄市,鳳山區南成里和成路350號,07-7924350
228536,超全,高雄市,鳳山區海洋一路31號1樓,07-7675762
280556,新新甲,高雄市,鳳山區海洋里海洋二路57號59號1樓,07-7673969
996589,海新,高雄市,鳳山區國隆里新富路590巷13號15號,07-7659203
275912,工協,高雄市,鳳山區埤頂里建國路一段79號1樓,07-7020916
208303,高鳳儀,高雄市,鳳山區頂庄路209號,07-7920559
240857,善志,高雄市,鳳山區善志街27號,07-7260748
251259,鳳新,高雄市,鳳山區新康街241號243號245號1樓,07-7675107
263193,來家,高雄市,鳳山區新強里崗山北街36號38號1樓,07-7224077
262846,瑞順,高雄市,鳳山區瑞興路216號1樓,07-7194697
930062,建泰,高雄市,鳳山區誠義路2號,07-7538356
250131,新隆豐,高雄市,橋頭區仕隆里隆豐路273號275號,07-6126956
280338,甲圍,高雄市,橋頭區甲北里甲圍路71號,07-6130787
266000,樹德,高雄市,橋頭區樹德路60號62號,07-6112949
275598,森之丘,高雄市,橋頭區橋新七路1號1樓,07-6114493
278678,燕巢,高雄市,燕巢區西燕里中民路612號,07-6168128
253048,彌盛,高雄市,彌陀區中正路246號,07-6106141
253059,彌安,高雄市,彌陀區文安路1-1號1樓1-2號1樓,07-6197931
275266,重義,高雄市,鹽埕區五福四路83號,07-5218483
121965,客宭,高雄市,鹽埕區建國四路312號,07-5211715
171018,鑫漢王,高雄市,鹽埕區港都里五福四路265號1樓,07-5215375
264495,學廣,屏東縣,內埔鄉內埔村廣濟路2-6號,08-7788579
285229,順越,屏東縣,內埔鄉南寧路19、21號,08-7789176
188234,念楨,屏東縣,內埔鄉黎明村黎東路221號1樓,08-7708081
235796,學美,屏東縣,內埔鄉學人路321-1號,08-8849216
260242,必勝,屏東縣,內埔鄉龍泉村原勝路40號,08-7708830
181129,新中勝,屏東縣,內埔鄉龍潭村昭勝路13.15號1樓,08-7707202
188832,里宬,屏東縣,里港鄉鐵店村鐵店路17-1號,08-7750324
274207,欣昌隆,屏東縣,佳冬鄉昌隆村大豐路680號,08-8667951
188256,佳冬,屏東縣,佳冬鄉賴家村佳和路1號,08-8664904
258663,內關帝,屏東縣,東港鎮文昌街41號,08-8325079
232742,華僑,屏東縣,東港鎮朝隆路16-1號18號,08-8324527
261577,鼎東,屏東縣,東港鎮興東里中正路二段491號1樓,08-8325165
116789,鎮海,屏東縣,東港鎮鎮海路1-100號1-26號1樓,08-8326154
188843,加祿堂,屏東縣,枋山鄉加祿村加祿路155號,08-8720963
266309,海豚灣,屏東縣,枋山鄉坊山村中山路三段61-3號1樓,08-8761758
263595,南北棧,屏東縣,枋山鄉枋山村中山路三段38號,08-8761583
288000,幸福灣,屏東縣,枋山鄉枋山村中山路三段61及61-1號部分,08-8761812
235545,飛米,屏東縣,枋寮鄉勝利路9號,08-8716972
174811,崙上,屏東縣,長治鄉崙上村中興路372-2號,08-7629817
279349,長治,屏東縣,長治鄉新潭村長興路13號1樓,08-7377784
903794,南州,屏東縣,南州鄉溪南村三民路171號,08-8647408
992026,壽元,屏東縣,南州鄉壽元村勝利路5-15號1樓,08-8645237
128999,永大,屏東縣,屏東市大武路122號124號,08-7551329
239617,國站,屏東縣,屏東市中山路1.3號一樓,08-7325441
279121,勝星,屏東縣,屏東市中山路61-13號,08-7324905
194295,華敬,屏東縣,屏東市中正里華正路12號1樓.14號1樓,08-7367024
278656,金樹,屏東縣,屏東市仁愛路16號,08-7329631
282862,公裕,屏東縣,屏東市北興里廣東路818號,08-7329938
249603,統棒,屏東縣,屏東市永安里棒球路45號,08-7511410
257327,屏東好棒,屏東縣,屏東市永安里棒球路5號,08-7512639
275004,北勢頭,屏東縣,屏東市自由路445號,08-7362150
250566,歸來,屏東縣,屏東市和生路一段107-3號,08-7216278
251695,崇武,屏東縣,屏東市崇武里華盛街5-6號,08-7511963
201461,欣欣鼎,屏東縣,屏東市崇蘭里自由路666號1樓,08-7339511
283692,崇博,屏東縣,屏東市博愛路429號,08-7321752
283968,堡勤,屏東縣,屏東市新生里復興南路一段370號1樓,08-7511927
189134,廣吉,屏東縣,屏東市廣東路991之1、991之2號1樓,08-7328572
171030,新樂興,屏東縣,屏東市興樂里杭州街30號1樓,08-7328134
266343,新豐榮,屏東縣,屏東市豐源里廣東路86之1號1樓,08-7224433
910677,吉春,屏東縣,恆春鎮山腳里環城南路60號,08-8898264
123271,日日春,屏東縣,恆春鎮城北里中正路193號,08-8897015
208314,恆好,屏東縣,恆春鎮恆南路70-1號,08-8881553
202279,有魚,屏東縣,恆春鎮砂尾路16-65號,08-8866450
257394,墾丁大灣,屏東縣,恆春鎮墾丁路312號314號一樓,08-8861677
122382,白燈塔,屏東縣,琉球鄉三民區大福村中正路303之2號1樓,08-8612496
892113,小琉球,屏東縣,琉球鄉本福村民生路61號,08-8614309
972697,五房,屏東縣,新園鄉五房村五房路721號1樓,08-8692183
264107,萬惠,屏東縣,萬丹鄉萬丹路一段21號1樓,08-7771790
187840,翔發,屏東縣,萬丹鄉萬後村西環路637號,08-7761245
239950,山和,屏東縣,潮州鎮三和里延平路89號,08-7888874
262606,潮昇,屏東縣,潮州鎮三和里朝昇路316號,08-7897310
186777,鵬權,屏東縣,潮州鎮永春里光春路139號1樓,08-7894063
257992,學愛,屏東縣,麟洛鄉麟趾村中正路72之1號,08-7213193
130291,永盛,屏東縣,鹽埔鄉鹽中村勝利路81之3號,08-7931503
199566,麗騰,宜蘭縣,三星鄉三星路一段586號,03-9897137
229344,上將,宜蘭縣,三星鄉上將路一段381號,03-9552430
217064,樸隱,宜蘭縣,三星鄉大隱村三星路二段25鄰13號,03-9899824
913300,杰昇,宜蘭縣,五結鄉二結路107號1樓,03-9654642
165345,昱成,宜蘭縣,五結鄉中正路一段174號176號,03-9549291
283795,佳美,宜蘭縣,五結鄉中正路二段127號1樓,03-9655743
139209,五結,宜蘭縣,五結鄉五結路二段393號395號397號1樓,03-9605471
132817,孝威,宜蘭縣,五結鄉傳藝路一段369號1樓,03-9604427
255767,布蘭其,宜蘭縣,五結鄉親河路一段147號,03-9507054
260529,親河,宜蘭縣,五結鄉親河路二段109.111.113號,03-9507917
931928,冬山,宜蘭縣,冬山鄉冬山路一段984號,03-9595237
208439,安農,宜蘭縣,冬山鄉長春路128號,03-9532658
196671,永義,宜蘭縣,冬山鄉義成路三段195號1樓,03-9589042
882644,義成,宜蘭縣,冬山鄉義成路三段2號1樓永興路一段452號1樓,03-9580078
192543,廣達,宜蘭縣,冬山鄉廣興路166號168號1樓,03-9615971
228145,永鎮,宜蘭縣,壯圍鄉壯濱路四段373號373之1號1樓,03-9309121
208945,壯美,宜蘭縣,壯圍鄉美功路一段40巷1號,03-9309346
234829,龍坡,宜蘭縣,宜蘭市大坡路一段111號113號,03-9280944
113399,伍富,宜蘭縣,宜蘭市女中路三段26-6號26-7號26-8號,03-9365457
216038,同慶,宜蘭縣,宜蘭市中山路三段203號205號207號1樓,03-9320912
233228,謙和,宜蘭縣,宜蘭市民族路461號463號1樓,03-9325981
249913,宜商,宜蘭縣,宜蘭市延平路39之8號1樓,03-9389246
130730,壯五,宜蘭縣,宜蘭市東港路一段213號1樓,03-9373467
279866,校舍,宜蘭縣,宜蘭市校舍路25號,03-9372896
199164,心蓮,宜蘭縣,宜蘭市泰山路212號,03-9364290
112341,健神,宜蘭縣,宜蘭市神農路二段8號10號1樓,03-9310270
242059,鎮新,宜蘭縣,宜蘭市進士路二段406號,03-9333029
281571,同樂,宜蘭縣,員山鄉同新路286號,03-9232863
181923,深溝,宜蘭縣,員山鄉惠民路207號,03-9232491
255424,纘祥,宜蘭縣,頭城鎮民鋒路18號20號,03-9774578
184003,富達,宜蘭縣,頭城鎮青雲路一段225號227號1樓,03-9875509
258375,二城,宜蘭縣,頭城鎮青雲路一段476號,03-9778847
276502,蘭雲,宜蘭縣,頭城鎮青雲路三段315號317號,03-9777694
256106,烏石港,宜蘭縣,頭城鎮青雲路三段412.416.418號,03-9775041
195265,頭城,宜蘭縣,頭城鎮青雲路三段96號1樓,03-9778054
123008,噶瑪蘭,宜蘭縣,頭城鎮復興路58號,03-9782335
277561,駿隆,宜蘭縣,礁溪鄉中山路一段175號1樓,03-9887913
260334,森晴,宜蘭縣,礁溪鄉仁愛路42.46號,03-9887805
167824,泉湧,宜蘭縣,礁溪鄉玉石村溫泉路15鄰85號1樓,03-9876652
112938,圓達,宜蘭縣,礁溪鄉礁溪路七段65號69號,03-9874660
242369,詠富,宜蘭縣,礁溪鄉礁溪路五段152號1樓,03-9873209
981392,湯圍,宜蘭縣,礁溪鄉礁溪路五段51號,03-9883627
993476,潤昌,宜蘭縣,羅東鎮中山路四段197號199號,03-9617046
236700,潤霖,宜蘭縣,羅東鎮公正路136號1樓,03-9542776
249452,金站,宜蘭縣,羅東鎮公正路31號1樓,03-9531183
977418,宜泰,宜蘭縣,羅東鎮公園路100號1樓,03-9572315
111201,徠一,宜蘭縣,羅東鎮培英路98號100號,03-9615630
970233,宣宏,宜蘭縣,羅東鎮復興路二段257號,03-9558424
201036,新羅興,宜蘭縣,羅東鎮興東路23之2號1樓2樓,03-9573130
209133,蘇澳,宜蘭縣,蘇澳鎮中山路一段66號,03-9963916
130316,新馬,宜蘭縣,蘇澳鎮海山西路489號1樓,03-9907083
174305,樂合,花蓮縣,玉里鎮樂合里新民路13-1號,03-8980204
233295,鑫源,花蓮縣,吉安鄉中山路三段232號236號1樓,03-8544024
151737,蓮陽,花蓮縣,吉安鄉吉安村中山路三段2號,03-8530422
289542,吉興,花蓮縣,吉安鄉吉興路三段88號,03-8544967
212575,永照,花蓮縣,吉安鄉自強路160號1樓,03-8541348
267586,吉強,花蓮縣,吉安鄉自強路541號1.2樓,03-8466710
294223,富翔,花蓮縣,吉安鄉東昌村海岸路77號,03-8523437
206949,蓮和,花蓮縣,秀林鄉和平村和平263號(台泥和平廠),03-8681249
217123,蓮冠,花蓮縣,花蓮市中山路426號,03-8333681
981738,鑫花蓮,花蓮縣,花蓮市中正路383號385號,03-8342960
943725,長勝,花蓮縣,花蓮市中美路83-1號83-2號,03-8239707
277642,思瑀,花蓮縣,花蓮市建國路二段862號及866號1樓,03-8465568
252148,蓮讚,花蓮縣,花蓮市國聯里國聯三路16號18號,03-8329952
254085,蓮莊,花蓮縣,新城鄉北埔村光復路462號1樓,03-8262950
954437,祥祐,花蓮縣,新城鄉順安村北三棧119之6號,03-8610548
253761,新壽豐,花蓮縣,壽豐鄉中山路五段131號,03-8656942
233893,花蓮理想,花蓮縣,壽豐鄉共和村豐坪路三段265號,03-8509100
281076,林榮,花蓮縣,鳳林鎮兆豐路699號,03-8772725
110415,豐濱,花蓮縣,豐濱鄉三民村三民路61號65號1樓,03-8791893
193878,香蘭,台東縣,太麻里鄉太麻里街575號,089-783341
239352,新太麻里,台東縣,太麻里鄉泰和村外環路128號1樓,089-780351
184379,睿豐,台東縣,台東市大和路8-1.16-1號一樓,089-516087
954574,東樂,台東縣,台東市山西路一段330號,089-229434
132806,正東,台東縣,台東市中華路一段372號,089-342634
280707,吉川,台東縣,台東市中華路二段272號1樓274號1樓2樓276號1樓,089-353723
888099,東漢,台東縣,台東市正氣北路182號,089-357252
872599,東航,台東縣,台東市民生里更生路270號1F,089-338105
921231,東京,台東縣,台東市卑南里更生北路196號198號,089-228238
174615,卑南,台東縣,台東市南榮里更生路1267號,089-236153
987736,知本,台東縣,台東市建興里知本路四段2號,089-516428
280028,東亮,台東縣,台東市連航路88巷31號33號35號1樓,089-233228
991665,富岡,台東縣,台東市富岡里吉林路二段668號1樓,089-281726
258445,東廣,台東縣,台東市傳廣路492號1樓,089-232915
151232,利嘉,台東縣,台東市新園里中興路六段667號1樓,089-385164
970071,成貞,台東縣,台東市豐年里中興路三段399號1樓,089-236464
202246,豐喜,台東縣,台東市豐年里連航路3號,089-233342
281685,弘裕,台東縣,台東市豐原里中華路四段731號,089-346477
997652,東捷,台東縣,台東市豐榮里豐盛路1號,089-326614
142825,東馳,台東縣,池上鄉中東三路46號1樓,089-862291
200538,米鄉,台東縣,池上鄉福原村中山路241號,089-864787
293426,新鹿野,台東縣,鹿野鄉鹿野村中華路一段430號,089-550209
122957,關山,台東縣,關山鎮和平路4號4之1號1樓,089-812792
951106,漁翁,澎湖縣,西嶼鄉外垵村113號,06-9981838
188201,跨海,澎湖縣,西嶼鄉合界村3-1號,06-9983218
930545,新台澎,澎湖縣,馬公市中正路85號,06-9263856
120467,文澳,澎湖縣,馬公市文山路53號1樓,06-9217471
228994,鑫光復,澎湖縣,馬公市光復路116號,06-9263843
922201,文光,澎湖縣,馬公市光榮里三多路338號,06-9276453
900762,西衛,澎湖縣,馬公市光榮里光復路297號,06-9276457
202095,西文,澎湖縣,馬公市西文里10-3號,069-210123
184140,北岸,澎湖縣,馬公市西文里新店路359號1樓,069-219345
209476,海藍,澎湖縣,馬公市西文澳118-3號,069-219135
274540,澎衛,澎湖縣,馬公市西衛里光復路408號,06-9264241
153892,澎文,澎湖縣,馬公市東文里文山路282號,06-9211440
280408,百麗,澎湖縣,馬公市東文里新店路463號1號,06-9218974
113883,東衛,澎湖縣,馬公市東衛里19鄰9之2號,06-9217554
194310,航空城,澎湖縣,馬公市烏崁里烏崁106-20號,069-219914
941202,澎技,澎湖縣,馬公市朝陽里三多路45號,06-9264367
113506,揚光,澎湖縣,馬公市陽明里中華路175號1樓,06-9267812
166740,澎興,澎湖縣,馬公市興仁里雙頭掛1之2號,06-9218960
262064,澎港,澎湖縣,馬公市鎖港里292號1樓,069-952361
151391,鎖港,澎湖縣,馬公市鎖港里鎖管港段1439號,06-9953089
237932,永興順,澎湖縣,湖西鄉隘門34之2號,06-9228176
181750,馬航,澎湖縣,湖西鄉隘門村126之5號1樓(馬公航空站一樓航廈),06-9228847
236331,金民,金門縣,金城鎮民生路9號1樓,082-323404
281179,金石,金門縣,金城鎮民權路192號196號1樓,082-323642
255055,金生,金門縣,金城鎮西門里民生路67.69號,082-322784
981598,金豪,金門縣,金城鎮西海路三段1號3號5號1樓,082-322471
250108,新山外,金門縣,金湖鎮山外里復興西路2號,082-337068
199898,金囍,金門縣,金湖鎮復興路115號.115-1號.115-2號.115-3號,082-337854
292881,金門醫院,金門縣,金湖鎮復興路2-1號1樓,082-336385
263078,新再發,金門縣,金湖鎮復興路8號10號,082-334313
194192,鈦湖,金門縣,金湖鎮新市里太湖路二段217號1樓,082-334638
237851,金央,金門縣,金寧鄉伯玉路一段222之8號1樓,082-321424
262824,馬祖,連江縣,南竿鄉介壽村215號1樓,083-622930
950376,南竿,連江縣,南竿鄉清水村100號,083-626711